tick,tick_diff,moving_avg,last_digit,consecutive_even,consecutive_odd,consecutive_over_5,consecutive_under_5,predictions
302.3583,-0.0774000000000114,302.4131,3,0.0,10.0,10.0,0.0,0.0
302.3905,0.0321999999999889,302.39483333333334,5,0.0,10.0,10.0,0.0,0.0
302.3401,-0.0503999999999678,302.36296666666664,1,0.0,10.0,10.0,0.0,0.0
302.3051,-0.035000000000025,302.3452333333333,1,0.0,10.0,10.0,0.0,0.0
302.3554,0.0502999999999929,302.3335333333333,4,0.0,10.0,10.0,0.0,0.0
302.3684,0.0130000000000336,302.34296666666665,4,0.0,10.0,10.0,0.0,0.0
302.3975,0.0290999999999712,302.37376666666665,5,0.0,10.0,10.0,0.0,0.0
302.4526,0.0551000000000385,302.40616666666665,6,0.0,10.0,10.0,0.0,0.0
302.4143,-0.0382999999999924,302.4214666666667,3,0.0,10.0,10.0,0.0,0.0
302.335,-0.0793000000000461,302.40063333333336,5,0.0,10.0,10.0,0.0,0.0
302.3201,-0.0148999999999546,302.3564666666667,1,0.0,10.0,10.0,0.0,0.0
302.3253,0.005200000000002,302.3268,3,0.0,10.0,10.0,0.0,0.0
302.2906,-0.0347000000000434,302.312,6,0.0,10.0,10.0,0.0,0.0
302.2988,0.0082000000000448,302.30490000000003,8,0.0,10.0,10.0,0.0,0.0
302.3102,0.0113999999999805,302.2998666666667,2,0.0,10.0,10.0,0.0,0.0
302.2891,-0.0210999999999899,302.2993666666667,1,0.0,10.0,10.0,0.0,0.0
302.2789,-0.0101999999999975,302.2927333333334,9,0.0,10.0,10.0,0.0,0.0
302.2778,-0.001100000000008,302.28193333333337,8,0.0,10.0,10.0,0.0,0.0
302.327,0.0491999999999848,302.2945666666667,7,0.0,10.0,10.0,0.0,0.0
302.2244,-0.1025999999999953,302.2764,4,0.0,10.0,10.0,0.0,0.0
302.2754,0.0509999999999877,302.2756,4,0.0,10.0,10.0,0.0,0.0
302.3021,0.0267000000000052,302.2673,1,0.0,10.0,10.0,0.0,0.0
302.322,0.0199000000000069,302.2998333333333,2,0.0,10.0,10.0,0.0,0.0
302.2937,-0.0283000000000015,302.3059333333333,7,0.0,10.0,10.0,0.0,0.0
302.2769,-0.0167999999999892,302.2975333333334,9,0.0,10.0,10.0,0.0,0.0
302.2565,-0.020399999999995,302.2757,5,0.0,10.0,10.0,0.0,0.0
302.2737,0.0172000000000025,302.2690333333333,7,0.0,10.0,10.0,0.0,0.0
302.2813,0.007599999999968,302.2705,3,0.0,10.0,10.0,0.0,0.0
302.2962,0.0149000000000114,302.2837333333334,2,0.0,10.0,10.0,0.0,0.0
302.2516,-0.0446000000000026,302.27636666666666,6,0.0,10.0,10.0,0.0,0.0
302.264,0.0124000000000137,302.2706,4,0.0,10.0,10.0,0.0,0.0
302.2245,-0.0395000000000322,302.2467,5,0.0,10.0,10.0,0.0,0.0
302.1451,-0.0793999999999641,302.2112,1,0.0,10.0,10.0,0.0,0.0
302.1848,0.039699999999982,302.1848,8,0.0,10.0,10.0,0.0,0.0
302.1411,-0.0437000000000011,302.157,1,0.0,10.0,10.0,0.0,0.0
302.1512,0.0101000000000226,302.1590333333333,2,0.0,10.0,10.0,0.0,0.0
302.1605,0.009299999999996,302.15093333333334,5,0.0,10.0,10.0,0.0,0.0
302.0803,-0.0801999999999907,302.1306666666667,3,0.0,10.0,10.0,0.0,0.0
302.146,0.0656999999999925,302.1289333333333,6,0.0,10.0,10.0,0.0,0.0
302.1266,-0.0194000000000187,302.11763333333334,6,0.0,10.0,10.0,0.0,0.0
302.1506,0.0240000000000009,302.14106666666663,6,0.0,10.0,10.0,0.0,0.0
302.1403,-0.0102999999999724,302.13916666666665,3,0.0,10.0,10.0,0.0,0.0
302.1054,-0.0349000000000501,302.1321,4,0.0,10.0,10.0,0.0,0.0
302.0497,-0.0557000000000016,302.09846666666664,7,0.0,10.0,10.0,0.0,0.0
302.0939,0.0442000000000462,302.083,9,0.0,10.0,10.0,0.0,0.0
302.1348,0.040899999999965,302.0928,8,0.0,10.0,10.0,0.0,0.0
302.1233,-0.0115000000000122,302.1173333333333,3,0.0,10.0,10.0,0.0,0.0
302.1089,-0.0143999999999664,302.1223333333333,9,0.0,10.0,10.0,0.0,0.0
302.102,-0.0069000000000301,302.1114,2,0.0,10.0,10.0,0.0,0.0
302.1596,0.0576000000000362,302.1235,6,0.0,10.0,10.0,0.0,0.0
302.1895,0.0298999999999978,302.1503666666667,5,0.0,10.0,10.0,0.0,0.0
302.1555,-0.0339999999999918,302.1682,5,0.0,10.0,10.0,0.0,0.0
302.1172,-0.0382999999999924,302.15406666666667,2,0.0,10.0,10.0,0.0,0.0
302.121,0.0037999999999556,302.13123333333334,1,0.0,10.0,10.0,0.0,0.0
302.1378,0.0168000000000461,302.12533333333334,8,0.0,10.0,10.0,0.0,0.0
302.0933,-0.0445000000000277,302.11736666666667,3,0.0,10.0,10.0,0.0,0.0
302.164,0.070699999999988,302.1317,4,0.0,10.0,10.0,0.0,0.0
302.1264,-0.0375999999999976,302.1279,4,0.0,10.0,10.0,0.0,0.0
302.1249,-0.0014999999999645,302.1384333333333,9,0.0,10.0,10.0,0.0,0.0
302.1201,-0.0048000000000456,302.1238,1,0.0,10.0,10.0,0.0,0.0
302.1626,0.0425000000000181,302.1358666666667,6,0.0,10.0,10.0,0.0,0.0
302.1704,0.0077999999999747,302.1510333333333,4,0.0,10.0,10.0,0.0,0.0
302.1397,-0.0306999999999675,302.1575666666667,7,0.0,10.0,10.0,0.0,0.0
302.1289,-0.0108000000000174,302.1463333333333,9,0.0,10.0,10.0,0.0,0.0
302.0802,-0.0486999999999966,302.11626666666666,2,0.0,10.0,10.0,0.0,0.0
302.0968,0.0165999999999826,302.10196666666667,8,0.0,10.0,10.0,0.0,0.0
302.1127,0.0159000000000446,302.09656666666666,7,0.0,10.0,10.0,0.0,0.0
302.116,0.0032999999999674,302.1085,6,0.0,10.0,10.0,0.0,0.0
302.1181,0.0021000000000412,302.11560000000003,1,0.0,10.0,10.0,0.0,0.0
302.1088,-0.0093000000000529,302.1143,8,0.0,10.0,10.0,0.0,0.0
302.097,-0.0117999999999938,302.10796666666664,7,0.0,10.0,10.0,0.0,0.0
302.107,0.0100000000000477,302.10426666666666,7,0.0,10.0,10.0,0.0,0.0
302.0837,-0.023300000000006,302.09590000000003,7,0.0,10.0,10.0,0.0,0.0
302.0761,-0.0076000000000249,302.0889333333334,1,0.0,10.0,10.0,0.0,0.0
302.1091,0.0330000000000154,302.0896333333333,1,0.0,10.0,10.0,0.0,0.0
302.1079,-0.0012000000000398,302.0977,9,0.0,10.0,10.0,0.0,0.0
302.1442,0.0363000000000397,302.1204,2,0.0,10.0,10.0,0.0,0.0
302.1652,0.021000000000015,302.1391,2,0.0,10.0,10.0,0.0,0.0
302.1911,0.0258999999999787,302.1668333333334,1,0.0,10.0,10.0,0.0,0.0
302.2067,0.0156000000000062,302.1876666666667,7,0.0,10.0,10.0,0.0,0.0
302.2949,0.088199999999972,302.2309,9,0.0,10.0,10.0,0.0,0.0
302.3015,0.0065999999999917,302.2677,5,0.0,10.0,10.0,0.0,0.0
302.2939,-0.007599999999968,302.29676666666666,9,0.0,10.0,10.0,0.0,0.0
302.2667,-0.0271999999999934,302.2873666666666,7,0.0,10.0,10.0,0.0,0.0
302.3365,0.0697999999999865,302.29903333333334,5,0.0,10.0,10.0,0.0,0.0
302.3606,0.0240999999999758,302.32126666666665,6,0.0,10.0,10.0,0.0,0.0
302.3495,-0.011099999999999,302.34886666666665,5,0.0,10.0,10.0,0.0,0.0
302.2995,-0.0499999999999545,302.3365333333333,5,0.0,10.0,10.0,0.0,0.0
302.3381,0.0385999999999739,302.32903333333337,1,0.0,10.0,10.0,0.0,0.0
302.3073,-0.0307999999999992,302.31496666666663,3,0.0,10.0,10.0,0.0,0.0
302.3137,0.006399999999985,302.3197,7,0.0,10.0,10.0,0.0,0.0
302.3123,-0.0013999999999896,302.3111,3,0.0,10.0,10.0,0.0,0.0
302.2806,-0.0317000000000007,302.3022,6,0.0,10.0,10.0,0.0,0.0
302.2998,0.019200000000012,302.2975666666667,8,0.0,10.0,10.0,0.0,0.0
302.3502,0.0503999999999678,302.31019999999995,2,0.0,10.0,10.0,0.0,0.0
302.2856,-0.0645999999999844,302.3118666666666,6,0.0,10.0,10.0,0.0,0.0
302.2776,-0.0079999999999813,302.30446666666666,6,0.0,10.0,10.0,0.0,0.0
302.2632,-0.0144000000000232,302.27546666666666,2,0.0,10.0,10.0,0.0,0.0
302.2421,-0.0210999999999899,302.26096666666666,1,0.0,10.0,10.0,0.0,0.0
302.2814,0.0393000000000256,302.2622333333333,4,0.0,10.0,10.0,0.0,0.0
302.235,-0.0464000000000055,302.25283333333334,5,0.0,10.0,10.0,0.0,0.0
302.2952,0.0602000000000089,302.27053333333333,2,0.0,10.0,10.0,0.0,0.0
302.3329,0.0376999999999725,302.28770000000003,9,0.0,10.0,10.0,0.0,0.0
302.2977,-0.0351999999999748,302.3086,7,0.0,10.0,10.0,0.0,0.0
302.355,0.0572999999999979,302.3285333333333,5,0.0,10.0,10.0,0.0,0.0
302.2883,-0.0667000000000257,302.3136666666667,3,0.0,10.0,10.0,0.0,0.0
302.3066,0.0183000000000106,302.3166333333333,6,0.0,10.0,10.0,0.0,0.0
302.2976,-0.0090000000000145,302.2975,6,0.0,10.0,10.0,0.0,0.0
302.3696,0.0720000000000027,302.3246,6,0.0,10.0,10.0,0.0,0.0
302.3794,0.0097999999999842,302.34886666666665,4,0.0,10.0,10.0,0.0,0.0
302.4588,0.079400000000021,302.40259999999995,8,0.0,10.0,10.0,0.0,0.0
302.4916,0.0328000000000088,302.44326666666666,6,0.0,10.0,10.0,0.0,0.0
302.5289,0.0373000000000161,302.4931,9,0.0,10.0,10.0,0.0,0.0
302.5307,0.0018000000000029,302.5170666666667,7,0.0,10.0,10.0,0.0,0.0
302.6145,0.0837999999999965,302.55803333333336,5,0.0,10.0,10.0,0.0,0.0
302.6985,0.0840000000000031,302.6145666666667,5,0.0,10.0,10.0,0.0,0.0
302.6306,-0.0679000000000087,302.6478666666667,6,0.0,10.0,10.0,0.0,0.0
302.6532,0.0226000000000112,302.6607666666667,2,0.0,10.0,10.0,0.0,0.0
302.6984,0.0451999999999657,302.6607333333334,4,0.0,10.0,10.0,0.0,0.0
302.6926,-0.0057999999999651,302.6814,6,0.0,10.0,10.0,0.0,0.0
302.7424,0.0497999999999478,302.7111333333333,4,0.0,10.0,10.0,0.0,0.0
302.8359,0.0935000000000059,302.75696666666664,9,0.0,10.0,10.0,0.0,0.0
302.8155,-0.020399999999995,302.79793333333333,5,0.0,10.0,10.0,0.0,0.0
302.8691,0.0536000000000171,302.8401666666667,1,0.0,10.0,10.0,0.0,0.0
302.8342,-0.0348999999999932,302.8396,2,0.0,10.0,10.0,0.0,0.0
302.8022,-0.0319999999999822,302.8351666666667,2,0.0,10.0,10.0,0.0,0.0
302.8492,0.0469999999999686,302.8285333333333,2,0.0,10.0,10.0,0.0,0.0
302.8587,0.0095000000000027,302.8367,7,0.0,10.0,10.0,0.0,0.0
302.8458,-0.0129000000000019,302.8512333333333,8,0.0,10.0,10.0,0.0,0.0
302.8974,0.0516000000000076,302.86730000000006,4,0.0,10.0,10.0,0.0,0.0
302.9789,0.0815000000000054,302.9073666666667,9,0.0,10.0,10.0,0.0,0.0
303.035,0.0561000000000149,302.97043333333335,5,0.0,10.0,10.0,0.0,0.0
303.0757,0.0406999999999584,303.0298666666667,7,0.0,10.0,10.0,0.0,0.0
303.0701,-0.0055999999999585,303.0602666666667,1,0.0,10.0,10.0,0.0,0.0
303.0152,-0.0549000000000319,303.05366666666663,2,0.0,10.0,10.0,0.0,0.0
302.9793,-0.0358999999999696,303.0215333333333,3,0.0,10.0,10.0,0.0,0.0
303.0083,0.0289999999999963,303.00093333333336,3,0.0,10.0,10.0,0.0,0.0
302.9946,-0.0137000000000284,302.9940666666667,6,0.0,10.0,10.0,0.0,0.0
303.0434,0.0488000000000283,303.0154333333333,4,0.0,10.0,10.0,0.0,0.0
303.0522,0.0088000000000079,303.0300666666667,2,0.0,10.0,10.0,0.0,0.0
303.0649,0.0126999999999952,303.05350000000004,9,0.0,10.0,10.0,0.0,0.0
303.1058,0.040899999999965,303.0743,8,0.0,10.0,10.0,0.0,0.0
303.0646,-0.0412000000000034,303.0784333333333,6,0.0,10.0,10.0,0.0,0.0
303.0898,0.0252000000000407,303.0867333333333,8,0.0,10.0,10.0,0.0,0.0
303.1885,0.0986999999999511,303.1143,5,0.0,10.0,10.0,0.0,0.0
303.2038,0.0153000000000247,303.1607,8,0.0,10.0,10.0,0.0,0.0
303.1979,-0.0058999999999969,303.1967333333334,9,0.0,10.0,10.0,0.0,0.0
303.2523,0.0543999999999869,303.218,3,0.0,10.0,10.0,0.0,0.0
303.1775,-0.0747999999999819,303.2092333333333,5,0.0,10.0,10.0,0.0,0.0
303.1676,-0.009900000000016,303.1991333333333,6,0.0,10.0,10.0,0.0,0.0
303.1107,-0.0568999999999846,303.1519333333334,7,0.0,10.0,10.0,0.0,0.0
303.0403,-0.0704000000000064,303.1062,3,0.0,10.0,10.0,0.0,0.0
303.0651,0.0247999999999706,303.07203333333337,1,0.0,10.0,10.0,0.0,0.0
303.035,-0.0300999999999476,303.0468,5,0.0,10.0,10.0,0.0,0.0
303.0383,0.0032999999999674,303.04613333333333,3,0.0,10.0,10.0,0.0,0.0
303.0478,0.0095000000000027,303.04036666666667,8,0.0,10.0,10.0,0.0,0.0
303.0064,-0.04140000000001,303.0308333333333,4,0.0,10.0,10.0,0.0,0.0
302.975,-0.0313999999999623,303.0097333333334,5,0.0,10.0,10.0,0.0,0.0
302.9579,-0.0171000000000276,302.97976666666665,9,0.0,10.0,10.0,0.0,0.0
302.9903,0.0323999999999955,302.9744,3,0.0,10.0,10.0,0.0,0.0
303.0239,0.0336000000000353,302.9907,9,0.0,10.0,10.0,0.0,0.0
303.0835,0.0595999999999889,303.0325666666667,5,0.0,10.0,10.0,0.0,0.0
303.1222,0.0387000000000057,303.0765333333334,2,0.0,10.0,10.0,0.0,0.0
303.1559,0.0336999999999534,303.1205333333333,9,0.0,10.0,10.0,0.0,0.0
303.1732,0.0173000000000342,303.1504333333333,2,0.0,10.0,10.0,0.0,0.0
303.1397,-0.0335000000000036,303.1562666666667,7,0.0,10.0,10.0,0.0,0.0
303.1262,-0.0135000000000218,303.14636666666667,2,0.0,10.0,10.0,0.0,0.0
303.0804,-0.0457999999999856,303.1154333333333,4,0.0,10.0,10.0,0.0,0.0
303.1097,0.0292999999999779,303.10543333333334,7,0.0,10.0,10.0,0.0,0.0
303.1431,0.0334000000000287,303.11106666666666,1,0.0,10.0,10.0,0.0,0.0
303.1641,0.021000000000015,303.13896666666665,1,0.0,10.0,10.0,0.0,0.0
303.251,0.0868999999999573,303.18606666666665,1,0.0,10.0,10.0,0.0,0.0
303.2447,-0.0062999999999533,303.21993333333336,7,0.0,10.0,10.0,0.0,0.0
303.2289,-0.0158000000000129,303.24153333333334,9,0.0,10.0,10.0,0.0,0.0
303.2025,-0.0264000000000237,303.2253666666666,5,0.0,10.0,10.0,0.0,0.0
303.2213,0.0187999999999988,303.21756666666664,3,0.0,10.0,10.0,0.0,0.0
303.1262,-0.0951000000000021,303.18333333333334,2,0.0,10.0,10.0,0.0,0.0
303.1124,-0.0138000000000033,303.15329999999994,4,0.0,10.0,10.0,0.0,0.0
303.1107,-0.0016999999999711,303.1164333333333,7,0.0,10.0,10.0,0.0,0.0
303.0941,-0.0165999999999826,303.1057333333333,1,0.0,10.0,10.0,0.0,0.0
303.0899,-0.0042000000000257,303.0982333333333,9,0.0,10.0,10.0,0.0,0.0
303.0807,-0.0092000000000211,303.08823333333333,7,0.0,10.0,10.0,0.0,0.0
303.0546,-0.0260999999999853,303.07506666666666,6,0.0,10.0,10.0,0.0,0.0
303.046,-0.0086000000000012,303.0604333333333,6,0.0,10.0,10.0,0.0,0.0
303.022,-0.0240000000000009,303.04086666666666,2,0.0,10.0,10.0,0.0,0.0
302.9828,-0.0391999999999939,303.0169333333333,8,0.0,10.0,10.0,0.0,0.0
303.0347,0.0518999999999891,303.0131666666666,7,0.0,10.0,10.0,0.0,0.0
303.0153,-0.0193999999999618,303.0109333333333,3,0.0,10.0,10.0,0.0,0.0
302.9761,-0.0392000000000507,303.00870000000003,1,0.0,10.0,10.0,0.0,0.0
302.9962,0.0201000000000135,302.9958666666667,2,0.0,10.0,10.0,0.0,0.0
302.9537,-0.0424999999999613,302.9753333333333,7,0.0,10.0,10.0,0.0,0.0
303.0339,0.0801999999999907,302.99460000000005,9,0.0,10.0,10.0,0.0,0.0
303.041,0.0070999999999799,303.00953333333337,1,0.0,10.0,10.0,0.0,0.0
303.0204,-0.0206000000000017,303.03176666666667,4,0.0,10.0,10.0,0.0,0.0
302.9773,-0.0430999999999812,303.0129,3,0.0,10.0,10.0,0.0,0.0
302.9165,-0.0608000000000288,302.9714,5,0.0,10.0,10.0,0.0,0.0
302.9325,0.0160000000000195,302.94210000000004,5,0.0,10.0,10.0,0.0,0.0
302.9015,-0.0310000000000059,302.9168333333333,5,0.0,10.0,10.0,0.0,0.0
302.9873,0.0858000000000061,302.9404333333334,3,0.0,10.0,10.0,0.0,0.0
303.0375,0.050200000000018,302.97543333333334,5,0.0,10.0,10.0,0.0,0.0
303.0292,-0.0083000000000197,303.01800000000003,2,0.0,10.0,10.0,0.0,0.0
303.055,0.0258000000000038,303.04056666666673,5,0.0,10.0,10.0,0.0,0.0
303.138,0.0829999999999699,303.0740666666666,8,0.0,10.0,10.0,0.0,0.0
303.0794,-0.0585999999999558,303.0908,4,0.0,10.0,10.0,0.0,0.0
303.0444,-0.035000000000025,303.08726666666666,4,0.0,10.0,10.0,0.0,0.0
303.0334,-0.0110000000000241,303.0524,4,0.0,10.0,10.0,0.0,0.0
302.9857,-0.0476999999999634,303.02116666666666,7,0.0,10.0,10.0,0.0,0.0
302.9174,-0.068300000000022,302.97883333333334,4,0.0,10.0,10.0,0.0,0.0
302.9126,-0.0047999999999888,302.93856666666665,6,0.0,10.0,10.0,0.0,0.0
302.8919,-0.0206999999999766,302.9073,9,0.0,10.0,10.0,0.0,0.0
302.8782,-0.0137000000000284,302.8942333333334,2,0.0,10.0,10.0,0.0,0.0
302.9382,0.0600000000000022,302.90276666666665,2,0.0,10.0,10.0,0.0,0.0
302.9341,-0.0040999999999939,302.9168333333333,1,0.0,10.0,10.0,0.0,0.0
302.9023,-0.0317999999999756,302.9248666666667,3,0.0,10.0,10.0,0.0,0.0
302.9384,0.0360999999999762,302.92493333333334,4,0.0,10.0,10.0,0.0,0.0
302.9762,0.0378000000000042,302.93896666666666,2,0.0,10.0,10.0,0.0,0.0
302.9676,-0.0086000000000012,302.96073333333334,6,0.0,10.0,10.0,0.0,0.0
302.9008,-0.0668000000000006,302.9482,8,0.0,10.0,10.0,0.0,0.0
302.8959,-0.0049000000000205,302.92143333333337,9,0.0,10.0,10.0,0.0,0.0
302.8474,-0.0484999999999899,302.8813666666667,4,0.0,10.0,10.0,0.0,0.0
302.9108,0.0634000000000014,302.8847,8,0.0,10.0,10.0,0.0,0.0
302.9825,0.0717000000000211,302.91356666666667,5,0.0,10.0,10.0,0.0,0.0
303.014,0.031499999999994,302.9691,4,0.0,10.0,10.0,0.0,0.0
302.9775,-0.0364999999999895,302.99133333333333,5,0.0,10.0,10.0,0.0,0.0
302.9515,-0.0260000000000104,302.98100000000005,5,0.0,10.0,10.0,0.0,0.0
302.9097,-0.0418000000000233,302.94623333333334,7,0.0,10.0,10.0,0.0,0.0
302.9236,0.0139000000000351,302.9282666666667,6,0.0,10.0,10.0,0.0,0.0
302.972,0.0483999999999582,302.9351,2,0.0,10.0,10.0,0.0,0.0
303.0021,0.0301000000000044,302.9659,1,0.0,10.0,10.0,0.0,0.0
302.9381,-0.0639999999999645,302.9707333333333,1,0.0,10.0,10.0,0.0,0.0
302.9375,-0.0006000000000199,302.9592333333333,5,0.0,10.0,10.0,0.0,0.0
302.9234,-0.0140999999999849,302.93300000000005,4,0.0,10.0,10.0,0.0,0.0
302.9256,0.0021999999999593,302.92883333333333,6,0.0,10.0,10.0,0.0,0.0
302.9741,0.0485000000000468,302.94103333333334,1,0.0,10.0,10.0,0.0,0.0
302.9461,-0.02800000000002,302.9486,1,0.0,10.0,10.0,0.0,0.0
302.9839,0.0378000000000042,302.9680333333333,9,0.0,10.0,10.0,0.0,0.0
302.9986,0.0147000000000048,302.9762,6,0.0,10.0,10.0,0.0,0.0
303.0533,0.0546999999999684,303.0119333333334,3,0.0,10.0,10.0,0.0,0.0
303.1179,0.0646000000000412,303.0566,9,0.0,10.0,10.0,0.0,0.0
303.1059,-0.0120000000000004,303.0923666666667,9,0.0,10.0,10.0,0.0,0.0
303.139,0.0330999999999903,303.1209333333333,9,0.0,10.0,10.0,0.0,0.0
303.1476,0.0086000000000012,303.1308333333333,6,0.0,10.0,10.0,0.0,0.0
303.1289,-0.0187000000000239,303.1385,9,0.0,10.0,10.0,0.0,0.0
303.179,0.0500999999999862,303.15183333333334,9,0.0,10.0,10.0,0.0,0.0
303.1058,-0.0731999999999857,303.1379,8,0.0,10.0,10.0,0.0,0.0
303.0411,-0.0647000000000161,303.1086333333333,1,0.0,10.0,10.0,0.0,0.0
303.022,-0.0190999999999803,303.0563,2,0.0,10.0,10.0,0.0,0.0
303.0003,-0.0217000000000098,303.0211333333333,3,0.0,10.0,10.0,0.0,0.0
302.9438,-0.0564999999999713,302.98870000000005,8,0.0,10.0,10.0,0.0,0.0
302.9321,-0.0117000000000189,302.9587333333333,1,0.0,10.0,10.0,0.0,0.0
302.9329,0.0008000000000265,302.93626666666665,9,0.0,10.0,10.0,0.0,0.0
302.9454,0.0124999999999886,302.9368,4,0.0,10.0,10.0,0.0,0.0
302.9824,0.0369999999999777,302.9535666666667,4,0.0,10.0,10.0,0.0,0.0
302.9022,-0.0801999999999907,302.9433333333333,2,0.0,10.0,10.0,0.0,0.0
302.8599,-0.0423000000000115,302.9148333333333,9,0.0,10.0,10.0,0.0,0.0
302.8908,0.030900000000031,302.8843,8,0.0,10.0,10.0,0.0,0.0
302.9349,0.0441000000000144,302.8952,9,0.0,10.0,10.0,0.0,0.0
302.8835,-0.051400000000001,302.9030666666667,5,0.0,10.0,10.0,0.0,0.0
302.9074,0.0238999999999691,302.90860000000004,4,0.0,10.0,10.0,0.0,0.0
302.9473,0.0398999999999887,302.91273333333334,3,0.0,10.0,10.0,0.0,0.0
302.9348,-0.0124999999999886,302.9298333333333,8,0.0,10.0,10.0,0.0,0.0
302.9647,0.0298999999999978,302.94893333333334,7,0.0,10.0,10.0,0.0,0.0
303.0066,0.0418999999999982,302.9687,6,0.0,10.0,10.0,0.0,0.0
302.9702,-0.0364000000000146,302.98049999999995,2,0.0,10.0,10.0,0.0,0.0
302.9436,-0.0265999999999735,302.97346666666664,6,0.0,10.0,10.0,0.0,0.0
302.9221,-0.0215000000000031,302.94530000000003,1,0.0,10.0,10.0,0.0,0.0
302.939,0.016900000000021,302.9349,9,0.0,10.0,10.0,0.0,0.0
302.9521,0.0130999999999517,302.93773333333337,1,0.0,10.0,10.0,0.0,0.0
302.9602,0.008100000000013,302.95043333333336,2,0.0,10.0,10.0,0.0,0.0
302.9234,-0.036799999999971,302.9452333333333,4,0.0,10.0,10.0,0.0,0.0
302.9656,0.0421999999999798,302.9497333333333,6,0.0,10.0,10.0,0.0,0.0
302.9762,0.0106000000000108,302.95506666666665,2,0.0,10.0,10.0,0.0,0.0
302.9673,-0.0088999999999828,302.96970000000005,3,0.0,10.0,10.0,0.0,0.0
303.0464,0.0790999999999826,302.99663333333336,4,0.0,10.0,10.0,0.0,0.0
303.1003,0.0538999999999987,303.038,3,0.0,10.0,10.0,0.0,0.0
303.1189,0.0185999999999921,303.0885333333333,9,0.0,10.0,10.0,0.0,0.0
303.1107,-0.0081999999999879,303.1099666666667,7,0.0,10.0,10.0,0.0,0.0
303.15,0.0392999999999688,303.1265333333333,5,0.0,10.0,10.0,0.0,0.0
303.1194,-0.0305999999999926,303.1267,4,0.0,10.0,10.0,0.0,0.0
303.0999,-0.0194999999999936,303.1231,9,0.0,10.0,10.0,0.0,0.0
303.1561,0.0561999999999898,303.1251333333333,1,0.0,10.0,10.0,0.0,0.0
303.2014,0.0452999999999974,303.1524666666666,4,0.0,10.0,10.0,0.0,0.0
303.1716,-0.029799999999966,303.17636666666664,6,0.0,10.0,10.0,0.0,0.0
303.1846,0.0129999999999768,303.1858666666667,6,0.0,10.0,10.0,0.0,0.0
303.1459,-0.0387000000000057,303.1673666666666,9,0.0,10.0,10.0,0.0,0.0
303.201,0.0551000000000385,303.17716666666666,1,0.0,10.0,10.0,0.0,0.0
303.2344,0.0333999999999719,303.19376666666665,4,0.0,10.0,10.0,0.0,0.0
303.3071,0.0726999999999975,303.2475,1,0.0,10.0,10.0,0.0,0.0
303.3373,0.0302000000000361,303.29293333333334,3,0.0,10.0,10.0,0.0,0.0
303.3898,0.0524999999999522,303.3447333333333,8,0.0,10.0,10.0,0.0,0.0
303.3942,0.0044000000000323,303.37376666666665,2,0.0,10.0,10.0,0.0,0.0
303.3504,-0.0438000000000329,303.3781333333333,4,0.0,10.0,10.0,0.0,0.0
303.2965,-0.0538999999999987,303.34703333333334,5,0.0,10.0,10.0,0.0,0.0
303.232,-0.0644999999999527,303.29296666666664,2,0.0,10.0,10.0,0.0,0.0
303.3041,0.0720999999999776,303.27753333333334,1,0.0,10.0,10.0,0.0,0.0
303.3483,0.0441999999999893,303.2948,3,0.0,10.0,10.0,0.0,0.0
303.4027,0.0543999999999869,303.3517,7,0.0,10.0,10.0,0.0,0.0
303.4553,0.0526000000000408,303.4021,3,0.0,10.0,10.0,0.0,0.0
303.4557,0.0003999999999564,303.4379,7,0.0,10.0,10.0,0.0,0.0
303.4391,-0.0165999999999826,303.4500333333333,1,0.0,10.0,10.0,0.0,0.0
303.4553,0.0162000000000261,303.4500333333333,3,0.0,10.0,10.0,0.0,0.0
303.4731,0.0177999999999656,303.4558333333334,1,0.0,10.0,10.0,0.0,0.0
303.4256,-0.0475000000000136,303.45133333333337,6,0.0,10.0,10.0,0.0,0.0
303.4955,0.0699000000000182,303.4647333333333,5,0.0,10.0,10.0,0.0,0.0
303.5746,0.0790999999999826,303.49856666666665,6,0.0,10.0,10.0,0.0,0.0
303.6325,0.0579000000000178,303.5675333333333,5,0.0,10.0,10.0,0.0,0.0
303.6032,-0.0292999999999779,303.60343333333327,2,0.0,10.0,10.0,0.0,0.0
303.6112,0.0079999999999813,303.61563333333334,2,0.0,10.0,10.0,0.0,0.0
303.5777,-0.0335000000000036,303.5973666666667,7,0.0,10.0,10.0,0.0,0.0
303.5407,-0.0369999999999777,303.5765333333334,7,0.0,10.0,10.0,0.0,0.0
303.5449,0.0041999999999688,303.5544333333333,9,0.0,10.0,10.0,0.0,0.0
303.5405,-0.0043999999999755,303.54203333333334,5,0.0,10.0,10.0,0.0,0.0
303.5902,0.0496999999999729,303.5585333333333,2,0.0,10.0,10.0,0.0,0.0
303.5928,0.0026000000000294,303.5745,8,0.0,10.0,10.0,0.0,0.0
303.5813,-0.0115000000000122,303.5881,3,0.0,10.0,10.0,0.0,0.0
303.5497,-0.0316000000000258,303.5746,7,0.0,10.0,10.0,0.0,0.0
303.552,0.0023000000000479,303.561,2,0.0,10.0,10.0,0.0,0.0
303.5075,-0.0445000000000277,303.5364,5,0.0,10.0,10.0,0.0,0.0
303.4913,-0.0161999999999693,303.5169333333333,3,0.0,10.0,10.0,0.0,0.0
303.5095,0.0181999999999789,303.5027666666667,5,0.0,10.0,10.0,0.0,0.0
303.5545,0.0450000000000159,303.51843333333335,5,0.0,10.0,10.0,0.0,0.0
303.6099,0.0553999999999632,303.5579666666667,9,0.0,10.0,10.0,0.0,0.0
303.6043,-0.0055999999999585,303.58956666666666,3,0.0,10.0,10.0,0.0,0.0
303.6374,0.0330999999999903,303.6172,4,0.0,10.0,10.0,0.0,0.0
303.6044,-0.0330000000000154,303.6153666666667,4,0.0,10.0,10.0,0.0,0.0
303.586,-0.0183999999999855,303.60926666666666,6,0.0,10.0,10.0,0.0,0.0
303.5472,-0.0388000000000374,303.5792,2,0.0,10.0,10.0,0.0,0.0
303.5862,0.0390000000000441,303.5731333333333,2,0.0,10.0,10.0,0.0,0.0
303.5918,0.0055999999999585,303.57506666666666,8,0.0,10.0,10.0,0.0,0.0
303.604,0.012200000000007,303.594,4,0.0,10.0,10.0,0.0,0.0
303.6091,0.0051000000000271,303.6016333333334,1,0.0,10.0,10.0,0.0,0.0
303.6206,0.0115000000000122,303.61123333333336,6,0.0,10.0,10.0,0.0,0.0
303.6058,-0.0148000000000365,303.6118333333334,8,0.0,10.0,10.0,0.0,0.0
303.6482,0.0423999999999864,303.6248666666666,2,0.0,10.0,10.0,0.0,0.0
303.5797,-0.0684999999999718,303.6112333333333,7,0.0,10.0,10.0,0.0,0.0
303.5664,-0.0133000000000151,303.5981,4,0.0,10.0,10.0,0.0,0.0
303.5286,-0.0378000000000042,303.5582333333333,6,0.0,10.0,10.0,0.0,0.0
303.5162,-0.0123999999999568,303.5370666666667,2,0.0,10.0,10.0,0.0,0.0
303.5221,0.0058999999999969,303.52230000000003,1,0.0,10.0,10.0,0.0,0.0
303.5586,0.0364999999999895,303.5323,6,0.0,10.0,10.0,0.0,0.0
303.5915,0.0328999999999837,303.5574,5,0.0,10.0,10.0,0.0,0.0
303.5431,-0.0484000000000151,303.5644,1,0.0,10.0,10.0,0.0,0.0
303.4891,-0.0539999999999736,303.5412333333333,1,0.0,10.0,10.0,0.0,0.0
303.4937,0.0045999999999821,303.5086333333333,7,0.0,10.0,10.0,0.0,0.0
303.4663,-0.0274,303.48303333333337,3,0.0,10.0,10.0,0.0,0.0
303.5093,0.0430000000000063,303.48976666666664,3,0.0,10.0,10.0,0.0,0.0
303.5092,-9.999999997489796e-05,303.49493333333334,2,0.0,10.0,10.0,0.0,0.0
303.4862,-0.0230000000000245,303.50156666666663,2,0.0,10.0,10.0,0.0,0.0
303.4863,0.0001000000000317,303.4939,3,0.0,10.0,10.0,0.0,0.0
303.3852,-0.1011000000000308,303.45256666666666,2,0.0,10.0,10.0,0.0,0.0
303.4743,0.0891000000000303,303.4486,3,0.0,10.0,10.0,0.0,0.0
303.4441,-0.0302000000000361,303.4345333333333,1,0.0,10.0,10.0,0.0,0.0
303.4263,-0.0177999999999656,303.4482333333333,3,0.0,10.0,10.0,0.0,0.0
303.4054,-0.0209000000000401,303.42526666666663,4,0.0,10.0,10.0,0.0,0.0
303.3549,-0.0504999999999995,303.39553333333333,9,0.0,10.0,10.0,0.0,0.0
303.4128,0.0579000000000178,303.3910333333333,8,0.0,10.0,10.0,0.0,0.0
303.3661,-0.046699999999987,303.3779333333334,1,0.0,10.0,10.0,0.0,0.0
303.2908,-0.075300000000027,303.35656666666665,8,0.0,10.0,10.0,0.0,0.0
303.3161,0.0253000000000156,303.3243333333333,1,0.0,10.0,10.0,0.0,0.0
303.3271,0.0109999999999672,303.3113333333333,1,0.0,10.0,10.0,0.0,0.0
303.4078,0.0807000000000357,303.3503333333333,8,0.0,10.0,10.0,0.0,0.0
303.4124,0.0045999999999821,303.3824333333333,4,0.0,10.0,10.0,0.0,0.0
303.4002,-0.012200000000007,303.4068,2,0.0,10.0,10.0,0.0,0.0
303.4295,0.0293000000000347,303.4140333333333,5,0.0,10.0,10.0,0.0,0.0
303.4491,0.0195999999999685,303.42626666666666,1,0.0,10.0,10.0,0.0,0.0
303.3729,-0.0761999999999716,303.4171666666667,9,0.0,10.0,10.0,0.0,0.0
303.3846,0.011699999999962,303.4022,6,0.0,10.0,10.0,0.0,0.0
303.3877,0.0031000000000176,303.38173333333333,7,0.0,10.0,10.0,0.0,0.0
303.3824,-0.0052999999999769,303.3849,4,0.0,10.0,10.0,0.0,0.0
303.3903,0.0079000000000064,303.3868,3,0.0,10.0,10.0,0.0,0.0
303.3231,-0.0672000000000139,303.3652666666667,1,0.0,10.0,10.0,0.0,0.0
303.3205,-0.0026000000000294,303.3446333333334,5,0.0,10.0,10.0,0.0,0.0
303.3577,0.0372000000000412,303.3337666666667,7,0.0,10.0,10.0,0.0,0.0
303.36,0.002299999999991,303.3460666666667,6,0.0,10.0,10.0,0.0,0.0
303.415,0.0550000000000068,303.37756666666667,5,0.0,10.0,10.0,0.0,0.0
303.4055,-0.0095000000000027,303.3935000000001,5,0.0,10.0,10.0,0.0,0.0
303.4353,0.029799999999966,303.4186,3,0.0,10.0,10.0,0.0,0.0
303.4595,0.0242000000000075,303.4334333333333,5,0.0,10.0,10.0,0.0,0.0
303.3462,-0.113299999999981,303.41366666666664,2,0.0,10.0,10.0,0.0,0.0
303.3485,0.002299999999991,303.3847333333333,5,0.0,10.0,10.0,0.0,0.0
303.3053,-0.043200000000013,303.3333333333333,3,0.0,10.0,10.0,0.0,0.0
303.3751,0.0697999999999865,303.34296666666665,1,0.0,10.0,10.0,0.0,0.0
303.3765,0.0014000000000464,303.3523,5,0.0,10.0,10.0,0.0,0.0
303.3919,0.0153999999999996,303.3811666666667,9,0.0,10.0,10.0,0.0,0.0
303.3902,-0.001700000000028,303.3862,2,0.0,10.0,10.0,0.0,0.0
303.2989,-0.0912999999999897,303.3603333333333,9,0.0,10.0,10.0,0.0,0.0
303.2677,-0.0312000000000125,303.3189333333333,7,0.0,10.0,10.0,0.0,0.0
303.348,0.0803000000000224,303.30486666666667,8,0.0,10.0,10.0,0.0,0.0
303.3366,-0.0114000000000373,303.3174333333333,6,0.0,10.0,10.0,0.0,0.0
303.3362,-0.0003999999999564,303.34026666666665,2,0.0,10.0,10.0,0.0,0.0
303.3401,0.0038999999999873,303.3376333333333,1,0.0,10.0,10.0,0.0,0.0
303.3471,0.007000000000005,303.34113333333335,1,0.0,10.0,10.0,0.0,0.0
303.3451,-0.0020000000000095,303.3441,1,0.0,10.0,10.0,0.0,0.0
303.3097,-0.0353999999999814,303.33396666666664,7,0.0,10.0,10.0,0.0,0.0
303.3094,-0.0003000000000383,303.3214,4,0.0,10.0,10.0,0.0,0.0
303.2817,-0.0276999999999816,303.3002666666667,7,0.0,10.0,10.0,0.0,0.0
303.263,-0.0187000000000239,303.2847,3,0.0,10.0,10.0,0.0,0.0
303.2539,-0.0090999999999894,303.2662,9,0.0,10.0,10.0,0.0,0.0
303.2841,0.0302000000000361,303.267,1,0.0,10.0,10.0,0.0,0.0
303.3601,0.0759999999999649,303.2993666666667,1,0.0,10.0,10.0,0.0,0.0
303.3875,0.0274,303.3439,5,0.0,10.0,10.0,0.0,0.0
303.3611,-0.0263999999999668,303.3695666666667,1,0.0,10.0,10.0,0.0,0.0
303.3937,0.0326000000000021,303.3807666666667,7,0.0,10.0,10.0,0.0,0.0
303.4295,0.0357999999999947,303.3947666666667,5,0.0,10.0,10.0,0.0,0.0
303.4164,-0.0131000000000085,303.4132,4,0.0,10.0,10.0,0.0,0.0
303.3888,-0.0276000000000067,303.41156666666666,8,0.0,10.0,10.0,0.0,0.0
303.4266,0.0378000000000042,303.4106,6,0.0,10.0,10.0,0.0,0.0
303.4319,0.0052999999999769,303.4157666666667,9,0.0,10.0,10.0,0.0,0.0
303.408,-0.0238999999999691,303.42216666666667,8,0.0,10.0,10.0,0.0,0.0
303.4579,0.0498999999999796,303.4326,9,0.0,10.0,10.0,0.0,0.0
303.3916,-0.0663000000000124,303.4191666666666,6,0.0,10.0,10.0,0.0,0.0
303.334,-0.0575999999999794,303.3945,4,0.0,10.0,10.0,0.0,0.0
303.3632,0.029200000000003,303.36293333333333,2,0.0,10.0,10.0,0.0,0.0
303.3703,0.0070999999999799,303.3558333333333,3,0.0,10.0,10.0,0.0,0.0
303.3848,0.0144999999999981,303.3727666666667,8,0.0,10.0,10.0,0.0,0.0
303.3857,0.0009000000000014,303.3802666666666,7,0.0,10.0,10.0,0.0,0.0
303.3898,0.0040999999999939,303.38676666666663,8,0.0,10.0,10.0,0.0,0.0
303.4479,0.0581000000000244,303.4078,9,0.0,10.0,10.0,0.0,0.0
303.4258,-0.0221000000000231,303.4211666666667,8,0.0,10.0,10.0,0.0,0.0
303.4411,0.0153000000000247,303.43826666666666,1,0.0,10.0,10.0,0.0,0.0
303.4606,0.0194999999999936,303.4425,6,0.0,10.0,10.0,0.0,0.0
303.4166,-0.0439999999999827,303.43943333333334,6,0.0,10.0,10.0,0.0,0.0
303.4016,-0.0150000000000432,303.42626666666666,6,0.0,10.0,10.0,0.0,0.0
303.4603,0.0587000000000443,303.4261666666667,3,0.0,10.0,10.0,0.0,0.0
303.4948,0.0344999999999799,303.45223333333337,8,0.0,10.0,10.0,0.0,0.0
303.4764,-0.0183999999999855,303.47716666666673,4,0.0,10.0,10.0,0.0,0.0
303.5471,0.070699999999988,303.5061,1,0.0,10.0,10.0,0.0,0.0
303.5469,-0.0002000000000066,303.5234666666667,9,0.0,10.0,10.0,0.0,0.0
303.4954,-0.0514999999999759,303.5298,4,0.0,10.0,10.0,0.0,0.0
303.5074,0.0120000000000004,303.5165666666667,4,0.0,10.0,10.0,0.0,0.0
303.446,-0.0613999999999919,303.4829333333334,6,0.0,10.0,10.0,0.0,0.0
303.4478,0.001799999999946,303.46706666666665,8,0.0,10.0,10.0,0.0,0.0
303.4598,0.0120000000000004,303.45120000000003,8,0.0,10.0,10.0,0.0,0.0
303.4234,-0.0363999999999578,303.4436666666667,4,0.0,10.0,10.0,0.0,0.0
303.4295,0.0061000000000035,303.43756666666667,5,0.0,10.0,10.0,0.0,0.0
303.3647,-0.064799999999991,303.40586666666667,7,0.0,10.0,10.0,0.0,0.0
303.3487,-0.0160000000000195,303.38096666666667,7,0.0,10.0,10.0,0.0,0.0
303.3916,0.0428999999999746,303.36833333333334,6,0.0,10.0,10.0,0.0,0.0
303.3867,-0.0048999999999637,303.37566666666663,7,0.0,10.0,10.0,0.0,0.0
303.3686,-0.018100000000004,303.3823,6,0.0,10.0,10.0,0.0,0.0
303.3796,0.0109999999999672,303.3783,6,0.0,10.0,10.0,0.0,0.0
303.3987,0.0191000000000372,303.38230000000004,7,0.0,10.0,10.0,0.0,0.0
303.3772,-0.0215000000000031,303.38516666666663,2,0.0,10.0,10.0,0.0,0.0
303.3822,0.0049999999999954,303.3860333333334,2,0.0,10.0,10.0,0.0,0.0
303.3358,-0.0464000000000055,303.3650666666667,8,0.0,10.0,10.0,0.0,0.0
303.3303,-0.0054999999999836,303.34943333333337,3,0.0,10.0,10.0,0.0,0.0
303.3837,0.0533999999999537,303.3499333333333,7,0.0,10.0,10.0,0.0,0.0
303.3255,-0.0581999999999993,303.34649999999993,5,0.0,10.0,10.0,0.0,0.0
303.3265,0.0010000000000331,303.3452333333333,5,0.0,10.0,10.0,0.0,0.0
303.3034,-0.0230999999999994,303.31846666666667,4,0.0,10.0,10.0,0.0,0.0
303.2604,-0.0430000000000063,303.29676666666666,4,0.0,10.0,10.0,0.0,0.0
303.2761,0.0156999999999811,303.27996666666667,1,0.0,10.0,10.0,0.0,0.0
303.2729,-0.0031999999999925,303.2698,9,0.0,10.0,10.0,0.0,0.0
303.2691,-0.0038000000000124,303.2727,1,0.0,10.0,10.0,0.0,0.0
303.266,-0.0030999999999608,303.2693333333333,6,0.0,10.0,10.0,0.0,0.0
303.2373,-0.0287000000000148,303.2574666666667,3,0.0,10.0,10.0,0.0,0.0
303.2667,0.0294000000000096,303.2566666666667,7,0.0,10.0,10.0,0.0,0.0
303.2643,-0.0024000000000228,303.2561,3,0.0,10.0,10.0,0.0,0.0
303.2915,0.0271999999999934,303.27416666666664,5,0.0,10.0,10.0,0.0,0.0
303.2563,-0.0351999999999748,303.2707,3,0.0,10.0,10.0,0.0,0.0
303.2825,0.0262000000000171,303.2767666666667,5,0.0,10.0,10.0,0.0,0.0
303.2851,0.0025999999999726,303.2746333333334,1,0.0,10.0,10.0,0.0,0.0
303.2399,-0.0452000000000225,303.26916666666665,9,0.0,10.0,10.0,0.0,0.0
303.2727,0.0328000000000088,303.2659,7,0.0,10.0,10.0,0.0,0.0
303.2974,0.0246999999999957,303.27,4,0.0,10.0,10.0,0.0,0.0
303.3208,0.0234000000000378,303.29696666666666,8,0.0,10.0,10.0,0.0,0.0
303.2442,-0.0766000000000417,303.28746666666666,2,0.0,10.0,10.0,0.0,0.0
303.2956,0.051400000000001,303.28686666666664,6,0.0,10.0,10.0,0.0,0.0
303.3336,0.0380000000000109,303.29113333333333,6,0.0,10.0,10.0,0.0,0.0
303.3123,-0.0212999999999965,303.3138333333333,3,0.0,10.0,10.0,0.0,0.0
303.3074,-0.0049000000000205,303.31776666666667,4,0.0,10.0,10.0,0.0,0.0
303.2575,-0.0498999999999796,303.2924,5,0.0,10.0,10.0,0.0,0.0
303.278,0.0205000000000268,303.28096666666664,8,0.0,10.0,10.0,0.0,0.0
303.2518,-0.0262000000000171,303.2624333333333,8,0.0,10.0,10.0,0.0,0.0
303.2562,0.0043999999999755,303.262,2,0.0,10.0,10.0,0.0,0.0
303.3395,0.0833000000000083,303.2825,5,0.0,10.0,10.0,0.0,0.0
303.403,0.0635000000000332,303.33290000000005,3,0.0,10.0,10.0,0.0,0.0
303.3365,-0.0665000000000191,303.35966666666667,5,0.0,10.0,10.0,0.0,0.0
303.352,0.0154999999999745,303.36383333333333,2,0.0,10.0,10.0,0.0,0.0
303.341,-0.0109999999999672,303.3431666666666,1,0.0,10.0,10.0,0.0,0.0
303.3105,-0.0305000000000177,303.3345,5,0.0,10.0,10.0,0.0,0.0
303.3406,0.0301000000000044,303.3307,6,0.0,10.0,10.0,0.0,0.0
303.3062,-0.034400000000005,303.3191,2,0.0,10.0,10.0,0.0,0.0
303.2904,-0.0158000000000129,303.3124,4,0.0,10.0,10.0,0.0,0.0
303.3277,0.0373000000000161,303.3081,7,0.0,10.0,10.0,0.0,0.0
303.3189,-0.0088000000000079,303.3123333333333,9,0.0,10.0,10.0,0.0,0.0
303.4124,0.0935000000000059,303.353,4,0.0,10.0,10.0,0.0,0.0
303.4136,0.0011999999999829,303.3816333333333,6,0.0,10.0,10.0,0.0,0.0
303.4375,0.023900000000026,303.4211666666667,5,0.0,10.0,10.0,0.0,0.0
303.4147,-0.0228000000000179,303.4219333333333,7,0.0,10.0,10.0,0.0,0.0
303.4286,0.0139000000000351,303.4269333333333,6,0.0,10.0,10.0,0.0,0.0
303.407,-0.0216000000000349,303.41676666666666,7,0.0,10.0,10.0,0.0,0.0
303.4555,0.0484999999999899,303.43036666666666,5,0.0,10.0,10.0,0.0,0.0
303.4833,0.0278000000000133,303.4486,3,0.0,10.0,10.0,0.0,0.0
303.5677,0.0844000000000164,303.50216666666665,7,0.0,10.0,10.0,0.0,0.0
303.4553,-0.1123999999999796,303.5021,3,0.0,10.0,10.0,0.0,0.0
303.4851,0.029799999999966,303.5027,1,0.0,10.0,10.0,0.0,0.0
303.4817,-0.0033999999999991,303.4740333333333,7,0.0,10.0,10.0,0.0,0.0
303.5015,0.019800000000032,303.4894333333333,5,0.0,10.0,10.0,0.0,0.0
303.4661,-0.0354000000000382,303.4831,1,0.0,10.0,10.0,0.0,0.0
303.4637,-0.0023999999999659,303.4771,7,0.0,10.0,10.0,0.0,0.0
303.4765,0.0127999999999701,303.4687666666667,5,0.0,10.0,10.0,0.0,0.0
303.449,-0.0274999999999749,303.4630666666667,9,0.0,10.0,10.0,0.0,0.0
303.4168,-0.0321999999999889,303.4474333333333,8,0.0,10.0,10.0,0.0,0.0
303.4328,0.0159999999999627,303.4328666666667,8,0.0,10.0,10.0,0.0,0.0
303.5117,0.0789000000000328,303.4537666666667,7,0.0,10.0,10.0,0.0,0.0
303.5189,0.0071999999999547,303.4878,9,0.0,10.0,10.0,0.0,0.0
303.5402,0.0213000000000533,303.52360000000004,2,0.0,10.0,10.0,0.0,0.0
303.4982,-0.04200000000003,303.5191,2,0.0,10.0,10.0,0.0,0.0
303.5199,0.0217000000000098,303.5194333333333,9,0.0,10.0,10.0,0.0,0.0
303.5146,-0.0053000000000338,303.5109,6,0.0,10.0,10.0,0.0,0.0
303.4646,-0.0499999999999545,303.4997,6,0.0,10.0,10.0,0.0,0.0
303.4775,0.0129000000000019,303.48556666666667,5,0.0,10.0,10.0,0.0,0.0
303.467,-0.0105000000000359,303.46970000000005,7,0.0,10.0,10.0,0.0,0.0
303.4432,-0.0237999999999942,303.46256666666665,2,0.0,10.0,10.0,0.0,0.0
303.4565,0.0133000000000151,303.4555666666667,5,0.0,10.0,10.0,0.0,0.0
303.4367,-0.019800000000032,303.4454666666666,7,0.0,10.0,10.0,0.0,0.0
303.4607,0.0240000000000009,303.4513,7,0.0,10.0,10.0,0.0,0.0
303.4417,-0.0189999999999486,303.4463666666666,7,0.0,10.0,10.0,0.0,0.0
303.4608,0.0190999999999803,303.4544,8,0.0,10.0,10.0,0.0,0.0
303.4317,-0.0291000000000281,303.4447333333333,7,0.0,10.0,10.0,0.0,0.0
303.4738,0.0421000000000049,303.4554333333333,8,0.0,10.0,10.0,0.0,0.0
303.4476,-0.0261999999999602,303.4510333333333,6,0.0,10.0,10.0,0.0,0.0
303.4532,0.0055999999999585,303.4582,2,0.0,10.0,10.0,0.0,0.0
303.38,-0.0731999999999857,303.4269333333333,8,0.0,10.0,10.0,0.0,0.0
303.3125,-0.0674999999999954,303.38190000000003,5,0.0,10.0,10.0,0.0,0.0
303.3306,0.018100000000004,303.3410333333333,6,0.0,10.0,10.0,0.0,0.0
303.3148,-0.0158000000000129,303.3193,8,0.0,10.0,10.0,0.0,0.0
303.3495,0.0346999999999866,303.3316333333333,5,0.0,10.0,10.0,0.0,0.0
303.3124,-0.0370999999999526,303.32556666666665,4,0.0,10.0,10.0,0.0,0.0
303.3475,0.0350999999999999,303.3364666666667,5,0.0,10.0,10.0,0.0,0.0
303.3772,0.0296999999999911,303.3457,2,0.0,10.0,10.0,0.0,0.0
303.2993,-0.0778999999999996,303.3413333333333,3,0.0,10.0,10.0,0.0,0.0
303.2839,-0.0153999999999996,303.32013333333333,9,0.0,10.0,10.0,0.0,0.0
303.2381,-0.0458000000000424,303.2737666666667,1,0.0,10.0,10.0,0.0,0.0
303.2467,0.0086000000000012,303.25623333333334,7,0.0,10.0,10.0,0.0,0.0
303.2485,0.0018000000000029,303.2444333333333,5,0.0,10.0,10.0,0.0,0.0
303.2075,-0.0409999999999968,303.2342333333333,5,0.0,10.0,10.0,0.0,0.0
303.2907,0.0832000000000334,303.2489,7,0.0,10.0,10.0,0.0,0.0
303.2814,-0.009299999999996,303.2598666666667,4,0.0,10.0,10.0,0.0,0.0
303.3444,0.0629999999999881,303.3055,4,0.0,10.0,10.0,0.0,0.0
303.3068,-0.0375999999999976,303.3108666666667,8,0.0,10.0,10.0,0.0,0.0
303.3013,-0.0054999999999836,303.31750000000005,3,0.0,10.0,10.0,0.0,0.0
303.2917,-0.0096000000000344,303.2999333333334,7,0.0,10.0,10.0,0.0,0.0
303.2855,-0.0061999999999784,303.29283333333336,5,0.0,10.0,10.0,0.0,0.0
303.2621,-0.0234000000000378,303.2797666666666,1,0.0,10.0,10.0,0.0,0.0
303.2718,0.0097000000000093,303.2731333333333,8,0.0,10.0,10.0,0.0,0.0
303.2481,-0.0236999999999625,303.2606666666666,1,0.0,10.0,10.0,0.0,0.0
303.2656,0.017499999999984,303.26183333333336,6,0.0,10.0,10.0,0.0,0.0
303.1796,-0.0860000000000127,303.2311,6,0.0,10.0,10.0,0.0,0.0
303.1457,-0.0339000000000169,303.19696666666664,7,0.0,10.0,10.0,0.0,0.0
303.1112,-0.0344999999999799,303.1455,2,0.0,10.0,10.0,0.0,0.0
303.0555,-0.0557000000000016,303.1041333333333,5,0.0,10.0,10.0,0.0,0.0
303.0658,0.0103000000000292,303.07750000000004,8,0.0,10.0,10.0,0.0,0.0
303.1418,0.0759999999999649,303.0877,8,0.0,10.0,10.0,0.0,0.0
303.1614,0.0196000000000253,303.123,4,0.0,10.0,10.0,0.0,0.0
303.2475,0.0860999999999876,303.18356666666665,5,0.0,10.0,10.0,0.0,0.0
303.1607,-0.0867999999999824,303.18986666666666,7,0.0,10.0,10.0,0.0,0.0
303.212,0.0512999999999692,303.2067333333334,2,0.0,10.0,10.0,0.0,0.0
303.267,0.0550000000000068,303.21323333333333,7,0.0,10.0,10.0,0.0,0.0
303.2562,-0.0108000000000174,303.2450666666667,2,0.0,10.0,10.0,0.0,0.0
303.2941,0.037900000000036,303.27243333333337,1,0.0,10.0,10.0,0.0,0.0
303.2377,-0.0563999999999964,303.2626666666667,7,0.0,10.0,10.0,0.0,0.0
303.2606,0.0228999999999928,303.26413333333335,6,0.0,10.0,10.0,0.0,0.0
303.1991,-0.0615000000000236,303.23246666666665,1,0.0,10.0,10.0,0.0,0.0
303.1783,-0.0208000000000083,303.2126666666666,3,0.0,10.0,10.0,0.0,0.0
303.1538,-0.024499999999989,303.17706666666663,8,0.0,10.0,10.0,0.0,0.0
303.1316,-0.022199999999998,303.15456666666665,6,0.0,10.0,10.0,0.0,0.0
303.1016,-0.0299999999999727,303.129,6,0.0,10.0,10.0,0.0,0.0
303.0775,-0.0241000000000326,303.10356666666667,5,0.0,10.0,10.0,0.0,0.0
303.0876,0.0101000000000226,303.0889,6,0.0,10.0,10.0,0.0,0.0
303.0765,-0.011099999999999,303.08053333333334,5,0.0,10.0,10.0,0.0,0.0
303.0753,-0.0011999999999829,303.07980000000003,3,0.0,10.0,10.0,0.0,0.0
303.0999,0.0245999999999639,303.0839,9,0.0,10.0,10.0,0.0,0.0
303.1232,0.023300000000006,303.0994666666666,2,0.0,10.0,10.0,0.0,0.0
303.1277,0.0045000000000072,303.1169333333333,7,0.0,10.0,10.0,0.0,0.0
303.1336,0.0058999999999969,303.1281666666667,6,0.0,10.0,10.0,0.0,0.0
303.0508,-0.0828000000000201,303.10403333333335,8,0.0,10.0,10.0,0.0,0.0
303.0072,-0.0435999999999694,303.0638666666667,2,0.0,10.0,10.0,0.0,0.0
303.0229,0.0156999999999811,303.0269666666666,9,0.0,10.0,10.0,0.0,0.0
303.0039,-0.0190000000000054,303.0113333333333,9,0.0,10.0,10.0,0.0,0.0
303.0225,0.0185999999999921,303.0164333333333,5,0.0,10.0,10.0,0.0,0.0
302.9765,-0.0459999999999922,303.00096666666667,5,0.0,10.0,10.0,0.0,0.0
303.0221,0.0456000000000358,303.00703333333337,1,0.0,10.0,10.0,0.0,0.0
303.047,0.0249000000000023,303.0152,7,0.0,10.0,10.0,0.0,0.0
303.0712,0.0241999999999507,303.04676666666666,2,0.0,10.0,10.0,0.0,0.0
303.0685,-0.0027000000000043,303.0622333333333,5,0.0,10.0,10.0,0.0,0.0
303.0772,0.008700000000033,303.0723,2,0.0,10.0,10.0,0.0,0.0
303.0073,-0.0699000000000182,303.051,3,0.0,10.0,10.0,0.0,0.0
303.0756,0.068300000000022,303.0533666666667,6,0.0,10.0,10.0,0.0,0.0
303.0159,-0.0597000000000207,303.03293333333335,9,0.0,10.0,10.0,0.0,0.0
303.0277,0.0117999999999938,303.03973333333334,7,0.0,10.0,10.0,0.0,0.0
303.0254,-0.002299999999991,303.023,4,0.0,10.0,10.0,0.0,0.0
303.0744,0.049000000000035,303.0425,4,0.0,10.0,10.0,0.0,0.0
303.0822,0.0077999999999747,303.0606666666667,2,0.0,10.0,10.0,0.0,0.0
303.0955,0.0133000000000151,303.0840333333333,5,0.0,10.0,10.0,0.0,0.0
303.1077,0.012200000000007,303.0951333333333,7,0.0,10.0,10.0,0.0,0.0
303.109,0.0012999999999578,303.10406666666665,9,0.0,10.0,10.0,0.0,0.0
303.074,-0.0349999999999681,303.0969,4,0.0,10.0,10.0,0.0,0.0
303.0,-0.0740000000000122,303.061,0,0.0,10.0,10.0,0.0,0.0
303.005,0.0049999999999954,303.0263333333333,5,0.0,10.0,10.0,0.0,0.0
303.0275,0.0224999999999795,303.0108333333333,5,0.0,10.0,10.0,0.0,0.0
303.022,-0.0054999999999836,303.0181666666667,2,0.0,10.0,10.0,0.0,0.0
303.0097,-0.0122999999999819,303.0197333333333,7,0.0,10.0,10.0,0.0,0.0
302.9867,-0.0230000000000245,303.0061333333333,7,0.0,10.0,10.0,0.0,0.0
302.9659,-0.0208000000000083,302.98743333333334,9,0.0,10.0,10.0,0.0,0.0
302.971,0.0051000000000271,302.97453333333334,1,0.0,10.0,10.0,0.0,0.0
303.0141,0.0430999999999812,302.98366666666664,1,0.0,10.0,10.0,0.0,0.0
303.0362,0.0221000000000231,303.0071,2,0.0,10.0,10.0,0.0,0.0
302.9996,-0.0366000000000212,303.01663333333335,6,0.0,10.0,10.0,0.0,0.0
303.0645,0.0649000000000228,303.03343333333333,5,0.0,10.0,10.0,0.0,0.0
303.0611,-0.0033999999999991,303.0417333333333,1,0.0,10.0,10.0,0.0,0.0
303.1498,0.0887000000000171,303.0918,8,0.0,10.0,10.0,0.0,0.0
303.1282,-0.0216000000000349,303.11303333333336,2,0.0,10.0,10.0,0.0,0.0
303.1283,0.0001000000000317,303.1354333333333,3,0.0,10.0,10.0,0.0,0.0
303.1421,0.0138000000000033,303.13286666666664,1,0.0,10.0,10.0,0.0,0.0
303.1823,0.0401999999999702,303.15090000000004,3,0.0,10.0,10.0,0.0,0.0
303.2145,0.0321999999999889,303.17963333333336,5,0.0,10.0,10.0,0.0,0.0
303.2365,0.0219999999999913,303.2111,5,0.0,10.0,10.0,0.0,0.0
303.2523,0.0158000000000129,303.23443333333336,3,0.0,10.0,10.0,0.0,0.0
303.2203,-0.0319999999999822,303.2363666666667,3,0.0,10.0,10.0,0.0,0.0
303.2189,-0.0013999999999896,303.2305,9,0.0,10.0,10.0,0.0,0.0
303.2692,0.0502999999999929,303.2361333333333,2,0.0,10.0,10.0,0.0,0.0
303.2818,0.0125999999999635,303.2566333333333,8,0.0,10.0,10.0,0.0,0.0
303.2658,-0.0159999999999627,303.27226666666667,8,0.0,10.0,10.0,0.0,0.0
303.3374,0.0715999999999894,303.295,4,0.0,10.0,10.0,0.0,0.0
303.3441,0.0067000000000234,303.31576666666666,1,0.0,10.0,10.0,0.0,0.0
303.3678,0.0236999999999625,303.34976666666665,8,0.0,10.0,10.0,0.0,0.0
303.3088,-0.058999999999969,303.34023333333334,8,0.0,10.0,10.0,0.0,0.0
303.2736,-0.0352000000000316,303.31673333333333,6,0.0,10.0,10.0,0.0,0.0
303.2273,-0.0462999999999738,303.2699,3,0.0,10.0,10.0,0.0,0.0
303.2201,-0.0072000000000116,303.2403333333333,1,0.0,10.0,10.0,0.0,0.0
303.1547,-0.065400000000011,303.20070000000004,7,0.0,10.0,10.0,0.0,0.0
303.1203,-0.034400000000005,303.1650333333334,3,0.0,10.0,10.0,0.0,0.0
303.1182,-0.0020999999999844,303.13106666666664,2,0.0,10.0,10.0,0.0,0.0
303.0781,-0.0400999999999953,303.1055333333333,1,0.0,10.0,10.0,0.0,0.0
303.1411,0.0629999999999881,303.1124666666667,1,0.0,10.0,10.0,0.0,0.0
303.1805,0.0394000000000005,303.1332333333333,5,0.0,10.0,10.0,0.0,0.0
303.1418,-0.0387000000000057,303.1544666666667,8,0.0,10.0,10.0,0.0,0.0
303.1611,0.0192999999999869,303.16113333333334,1,0.0,10.0,10.0,0.0,0.0
303.1494,-0.011699999999962,303.15076666666664,4,0.0,10.0,10.0,0.0,0.0
303.2234,0.0740000000000122,303.1779666666667,4,0.0,10.0,10.0,0.0,0.0
303.2742,0.050799999999981,303.2156666666667,2,0.0,10.0,10.0,0.0,0.0
303.2626,-0.0115999999999871,303.25340000000006,6,0.0,10.0,10.0,0.0,0.0
303.2696,0.007000000000005,303.2688,6,0.0,10.0,10.0,0.0,0.0
303.3421,0.0724999999999909,303.2914333333334,1,0.0,10.0,10.0,0.0,0.0
303.3899,0.0477999999999951,303.33386666666667,9,0.0,10.0,10.0,0.0,0.0
303.3781,-0.0117999999999938,303.37003333333337,1,0.0,10.0,10.0,0.0,0.0
303.3641,-0.01400000000001,303.37736666666666,1,0.0,10.0,10.0,0.0,0.0
303.3766,0.0124999999999886,303.3729333333334,6,0.0,10.0,10.0,0.0,0.0
303.298,-0.0785999999999944,303.3462333333334,8,0.0,10.0,10.0,0.0,0.0
303.268,-0.0300000000000295,303.3142,8,0.0,10.0,10.0,0.0,0.0
303.2859,0.0179000000000542,303.2839666666667,9,0.0,10.0,10.0,0.0,0.0
303.232,-0.0538999999999987,303.2619666666667,2,0.0,10.0,10.0,0.0,0.0
303.2529,0.0208999999999832,303.25693333333334,9,0.0,10.0,10.0,0.0,0.0
303.2511,-0.0018000000000029,303.2453333333333,1,0.0,10.0,10.0,0.0,0.0
303.2277,-0.0233999999999809,303.2439,7,0.0,10.0,10.0,0.0,0.0
303.1551,-0.0726000000000226,303.2113,1,0.0,10.0,10.0,0.0,0.0
303.1948,0.039699999999982,303.19253333333336,8,0.0,10.0,10.0,0.0,0.0
303.1254,-0.0693999999999732,303.15843333333333,4,0.0,10.0,10.0,0.0,0.0
303.0375,-0.0878999999999905,303.11923333333334,5,0.0,10.0,10.0,0.0,0.0
303.0219,-0.0156000000000062,303.0616,9,0.0,10.0,10.0,0.0,0.0
303.0421,0.0201999999999884,303.03383333333335,1,0.0,10.0,10.0,0.0,0.0
303.0482,0.0061000000000035,303.0374,2,0.0,10.0,10.0,0.0,0.0
303.0618,0.0135999999999967,303.0507,8,0.0,10.0,10.0,0.0,0.0
303.0874,0.0255999999999971,303.0658,4,0.0,10.0,10.0,0.0,0.0
303.0958,0.0083999999999946,303.08166666666665,8,0.0,10.0,10.0,0.0,0.0
303.0793,-0.0165000000000077,303.0875,3,0.0,10.0,10.0,0.0,0.0
303.1078,0.0285000000000081,303.0943,8,0.0,10.0,10.0,0.0,0.0
303.1225,0.0147000000000048,303.1032,5,0.0,10.0,10.0,0.0,0.0
303.0988,-0.0237000000000193,303.1097,8,0.0,10.0,10.0,0.0,0.0
303.1555,0.0567000000000348,303.1256,5,0.0,10.0,10.0,0.0,0.0
303.1845,0.0289999999999963,303.1462666666667,5,0.0,10.0,10.0,0.0,0.0
303.2091,0.0245999999999639,303.18303333333336,1,0.0,10.0,10.0,0.0,0.0
303.2432,0.0341000000000235,303.21226666666666,2,0.0,10.0,10.0,0.0,0.0
303.2862,0.0430000000000063,303.2461666666666,2,0.0,10.0,10.0,0.0,0.0
303.3809,0.0946999999999889,303.3034333333333,9,0.0,10.0,10.0,0.0,0.0
303.3565,-0.0244000000000141,303.3412,5,0.0,10.0,10.0,0.0,0.0
303.3078,-0.0486999999999966,303.3484,8,0.0,10.0,10.0,0.0,0.0
303.3333,0.0255000000000222,303.3325333333333,3,0.0,10.0,10.0,0.0,0.0
303.3112,-0.0221000000000231,303.3174333333333,2,0.0,10.0,10.0,0.0,0.0
303.3736,0.0624000000000251,303.33936666666665,6,0.0,10.0,10.0,0.0,0.0
303.4704,0.0967999999999733,303.38506666666666,4,0.0,10.0,10.0,0.0,0.0
303.498,0.0276000000000067,303.44733333333335,8,0.0,10.0,10.0,0.0,0.0
303.4975,-0.0004999999999881,303.4886333333333,5,0.0,10.0,10.0,0.0,0.0
303.5277,0.0301999999999793,303.5077333333333,7,0.0,10.0,10.0,0.0,0.0
303.4643,-0.0634000000000014,303.4965,3,0.0,10.0,10.0,0.0,0.0
303.4291,-0.0351999999999748,303.4737,1,0.0,10.0,10.0,0.0,0.0
303.452,0.0228999999999928,303.44846666666666,2,0.0,10.0,10.0,0.0,0.0
303.5208,0.0688000000000101,303.4673,8,0.0,10.0,10.0,0.0,0.0
303.461,-0.0597999999999956,303.47793333333334,1,0.0,10.0,10.0,0.0,0.0
303.4293,-0.0317000000000007,303.4703666666667,3,0.0,10.0,10.0,0.0,0.0
303.3953,-0.0339999999999918,303.4285333333333,3,0.0,10.0,10.0,0.0,0.0
303.4187,0.0233999999999809,303.4144333333333,7,0.0,10.0,10.0,0.0,0.0
303.5011,0.0824000000000069,303.4383666666667,1,0.0,10.0,10.0,0.0,0.0
303.4898,-0.0113000000000056,303.46986666666663,8,0.0,10.0,10.0,0.0,0.0
303.5355,0.0457000000000107,303.5088,5,0.0,10.0,10.0,0.0,0.0
303.4706,-0.0649000000000228,303.4986333333334,6,0.0,10.0,10.0,0.0,0.0
303.4699,-0.0006999999999948,303.492,9,0.0,10.0,10.0,0.0,0.0
303.4054,-0.0645000000000095,303.4486333333333,4,0.0,10.0,10.0,0.0,0.0
303.4156,0.0101999999999975,303.4303,6,0.0,10.0,10.0,0.0,0.0
303.4466,0.0310000000000059,303.4225333333333,6,0.0,10.0,10.0,0.0,0.0
303.4157,-0.0308999999999741,303.4259666666667,7,0.0,10.0,10.0,0.0,0.0
303.4198,0.0040999999999939,303.4273666666666,8,0.0,10.0,10.0,0.0,0.0
303.4228,0.0029999999999859,303.4194333333333,8,0.0,10.0,10.0,0.0,0.0
303.4494,0.0266000000000303,303.43066666666664,4,0.0,10.0,10.0,0.0,0.0
303.4149,-0.0345000000000368,303.42903333333334,9,0.0,10.0,10.0,0.0,0.0
303.4255,0.0106000000000108,303.42993333333334,5,0.0,10.0,10.0,0.0,0.0
303.4713,0.0457999999999856,303.4372333333333,3,0.0,10.0,10.0,0.0,0.0
303.4632,-0.008100000000013,303.4533333333333,2,0.0,10.0,10.0,0.0,0.0
303.4265,-0.0366999999999961,303.4536666666666,5,0.0,10.0,10.0,0.0,0.0
303.4481,0.0216000000000349,303.44593333333336,1,0.0,10.0,10.0,0.0,0.0
303.4461,-0.0020000000000095,303.4402333333333,1,0.0,10.0,10.0,0.0,0.0
303.4975,0.051400000000001,303.4639,5,0.0,10.0,10.0,0.0,0.0
303.4428,-0.0547000000000252,303.4621333333333,8,0.0,10.0,10.0,0.0,0.0
303.3757,-0.0670999999999821,303.4386666666667,7,0.0,10.0,10.0,0.0,0.0
303.3447,-0.0310000000000059,303.3877333333333,7,0.0,10.0,10.0,0.0,0.0
303.3613,0.0166000000000394,303.36056666666667,3,0.0,10.0,10.0,0.0,0.0
303.3565,-0.0048000000000456,303.3541666666667,5,0.0,10.0,10.0,0.0,0.0
303.3633,0.0067999999999983,303.3603666666667,3,0.0,10.0,10.0,0.0,0.0
303.3712,0.0079000000000064,303.3636666666667,2,0.0,10.0,10.0,0.0,0.0
303.4071,0.0359000000000264,303.38053333333335,1,0.0,10.0,10.0,0.0,0.0
303.3355,-0.0715999999999894,303.37126666666666,5,0.0,10.0,10.0,0.0,0.0
303.3544,0.0188999999999737,303.36566666666664,4,0.0,10.0,10.0,0.0,0.0
303.3427,-0.0117000000000189,303.3442,7,0.0,10.0,10.0,0.0,0.0
303.3383,-0.0043999999999755,303.3451333333333,3,0.0,10.0,10.0,0.0,0.0
303.281,-0.0572999999999979,303.3206666666667,1,0.0,10.0,10.0,0.0,0.0
303.2302,-0.050799999999981,303.28316666666666,2,0.0,10.0,10.0,0.0,0.0
303.2448,0.014599999999973,303.252,8,0.0,10.0,10.0,0.0,0.0
303.2411,-0.0036999999999807,303.23870000000005,1,0.0,10.0,10.0,0.0,0.0
303.3049,0.0637999999999578,303.2636,9,0.0,10.0,10.0,0.0,0.0
303.2456,-0.0592999999999506,303.2638666666667,6,0.0,10.0,10.0,0.0,0.0
303.2897,0.0440999999999576,303.28006666666664,7,0.0,10.0,10.0,0.0,0.0
303.3208,0.0311000000000376,303.2853666666667,8,0.0,10.0,10.0,0.0,0.0
303.291,-0.0298000000000229,303.3005,1,0.0,10.0,10.0,0.0,0.0
303.2502,-0.0407999999999901,303.2873333333334,2,0.0,10.0,10.0,0.0,0.0
303.3084,0.0581999999999993,303.2832,4,0.0,10.0,10.0,0.0,0.0
303.2181,-0.0903000000000133,303.2589,1,0.0,10.0,10.0,0.0,0.0
303.1851,-0.0330000000000154,303.2372,1,0.0,10.0,10.0,0.0,0.0
303.2325,0.0474000000000387,303.2119,5,0.0,10.0,10.0,0.0,0.0
303.22,-0.0124999999999886,303.21253333333334,2,0.0,10.0,10.0,0.0,0.0
303.2028,-0.0172000000000025,303.2184333333334,8,0.0,10.0,10.0,0.0,0.0
303.1853,-0.0175000000000409,303.2027,3,0.0,10.0,10.0,0.0,0.0
303.2764,0.0911000000000399,303.22150000000005,4,0.0,10.0,10.0,0.0,0.0
303.3088,0.0323999999999955,303.25683333333336,8,0.0,10.0,10.0,0.0,0.0
303.277,-0.0318000000000324,303.2874,7,0.0,10.0,10.0,0.0,0.0
303.2717,-0.0052999999999769,303.28583333333336,7,0.0,10.0,10.0,0.0,0.0
303.2792,0.0074999999999931,303.27596666666665,2,0.0,10.0,10.0,0.0,0.0
303.3645,0.0853000000000179,303.30513333333334,5,0.0,10.0,10.0,0.0,0.0
303.365,0.0004999999999881,303.3362333333334,5,0.0,10.0,10.0,0.0,0.0
303.3583,-0.0067000000000234,303.3626,3,0.0,10.0,10.0,0.0,0.0
303.3516,-0.0066999999999666,303.3583,6,0.0,10.0,10.0,0.0,0.0
303.4054,0.0537999999999669,303.3717666666667,4,0.0,10.0,10.0,0.0,0.0
303.3931,-0.0122999999999819,303.3833666666667,1,0.0,10.0,10.0,0.0,0.0
303.3137,-0.079400000000021,303.37073333333336,7,0.0,10.0,10.0,0.0,0.0
303.3112,-0.0024999999999977,303.33933333333334,2,0.0,10.0,10.0,0.0,0.0
303.2291,-0.0820999999999685,303.2846666666667,1,0.0,10.0,10.0,0.0,0.0
303.2712,0.0421000000000049,303.2705,2,0.0,10.0,10.0,0.0,0.0
303.3125,0.0412999999999783,303.2709333333333,5,0.0,10.0,10.0,0.0,0.0
303.2445,-0.0679999999999836,303.2760666666666,5,0.0,10.0,10.0,0.0,0.0
303.3099,0.065400000000011,303.2889666666667,9,0.0,10.0,10.0,0.0,0.0
303.2314,-0.0785000000000195,303.26193333333333,4,0.0,10.0,10.0,0.0,0.0
303.2304,-0.0010000000000331,303.2572333333333,4,0.0,10.0,10.0,0.0,0.0
303.2151,-0.0152999999999678,303.2256333333333,1,0.0,10.0,10.0,0.0,0.0
303.1974,-0.0176999999999907,303.21430000000004,4,0.0,10.0,10.0,0.0,0.0
303.2433,0.0458999999999605,303.2186,3,0.0,10.0,10.0,0.0,0.0
303.255,0.0117000000000189,303.2319,5,0.0,10.0,10.0,0.0,0.0
303.1798,-0.0751999999999952,303.2260333333333,8,0.0,10.0,10.0,0.0,0.0
303.1865,0.0067000000000234,303.2071,5,0.0,10.0,10.0,0.0,0.0
303.1861,-0.0004000000000132,303.18413333333336,1,0.0,10.0,10.0,0.0,0.0
303.1122,-0.0739000000000373,303.1616,2,0.0,10.0,10.0,0.0,0.0
303.1111,-0.0010999999999512,303.13646666666665,1,0.0,10.0,10.0,0.0,0.0
303.1033,-0.0078000000000315,303.1088666666667,3,0.0,10.0,10.0,0.0,0.0
303.1286,0.0253000000000156,303.1143333333334,6,0.0,10.0,10.0,0.0,0.0
303.2414,0.1127999999999929,303.15776666666665,4,0.0,10.0,10.0,0.0,0.0
303.1913,-0.0500999999999862,303.1871,3,0.0,10.0,10.0,0.0,0.0
303.2169,0.0255999999999971,303.21653333333336,9,0.0,10.0,10.0,0.0,0.0
303.2065,-0.0104000000000041,303.2049,5,0.0,10.0,10.0,0.0,0.0
303.2216,0.015100000000018,303.215,6,0.0,10.0,10.0,0.0,0.0
303.212,-0.0096000000000344,303.2133666666667,2,0.0,10.0,10.0,0.0,0.0
303.2252,0.0131999999999834,303.2196,2,0.0,10.0,10.0,0.0,0.0
303.2254,0.0002000000000066,303.2208666666666,4,0.0,10.0,10.0,0.0,0.0
303.1954,-0.0299999999999727,303.2153333333333,4,0.0,10.0,10.0,0.0,0.0
303.1472,-0.0482000000000084,303.1893333333333,2,0.0,10.0,10.0,0.0,0.0
303.2056,0.058400000000006,303.1827333333333,6,0.0,10.0,10.0,0.0,0.0
303.2288,0.0231999999999743,303.1938666666667,8,0.0,10.0,10.0,0.0,0.0
303.245,0.0162000000000261,303.2264666666667,5,0.0,10.0,10.0,0.0,0.0
303.2634,0.0183999999999855,303.24573333333336,4,0.0,10.0,10.0,0.0,0.0
303.2447,-0.018699999999967,303.2510333333333,7,0.0,10.0,10.0,0.0,0.0
303.2867,0.0419999999999731,303.2649333333334,7,0.0,10.0,10.0,0.0,0.0
303.3416,0.0549000000000319,303.291,6,0.0,10.0,10.0,0.0,0.0
303.3252,-0.0164000000000328,303.31783333333334,2,0.0,10.0,10.0,0.0,0.0
303.3852,0.0600000000000022,303.35066666666665,2,0.0,10.0,10.0,0.0,0.0
303.3787,-0.0065000000000168,303.3630333333333,7,0.0,10.0,10.0,0.0,0.0
303.3903,0.011600000000044,303.3847333333333,3,0.0,10.0,10.0,0.0,0.0
303.4274,0.0370999999999526,303.3988,4,0.0,10.0,10.0,0.0,0.0
303.4461,0.0187000000000239,303.42126666666667,1,0.0,10.0,10.0,0.0,0.0
303.4719,0.0258000000000038,303.44846666666666,9,0.0,10.0,10.0,0.0,0.0
303.4812,0.009299999999996,303.4664,2,0.0,10.0,10.0,0.0,0.0
303.4145,-0.0667000000000257,303.4558666666667,5,0.0,10.0,10.0,0.0,0.0
303.4329,0.0184000000000423,303.4428666666667,9,0.0,10.0,10.0,0.0,0.0
303.4574,0.024499999999989,303.4349333333334,4,0.0,10.0,10.0,0.0,0.0
303.4762,0.0187999999999988,303.4555,2,0.0,10.0,10.0,0.0,0.0
303.4612,-0.0149999999999863,303.46493333333336,2,0.0,10.0,10.0,0.0,0.0
303.4471,-0.0141000000000417,303.46150000000006,1,0.0,10.0,10.0,0.0,0.0
303.4506,0.0035000000000309,303.45296666666667,6,0.0,10.0,10.0,0.0,0.0
303.4105,-0.0400999999999953,303.4360666666667,5,0.0,10.0,10.0,0.0,0.0
303.3815,-0.0289999999999963,303.4142,5,0.0,10.0,10.0,0.0,0.0
303.4088,0.0272999999999683,303.40026666666665,8,0.0,10.0,10.0,0.0,0.0
303.4173,0.0085000000000263,303.40253333333334,3,0.0,10.0,10.0,0.0,0.0
303.418,0.0006999999999948,303.41470000000004,8,0.0,10.0,10.0,0.0,0.0
303.4164,-0.0015999999999962,303.41723333333334,4,0.0,10.0,10.0,0.0,0.0
303.4281,0.011699999999962,303.4208333333333,1,0.0,10.0,10.0,0.0,0.0
303.4162,-0.0118999999999687,303.42023333333333,2,0.0,10.0,10.0,0.0,0.0
303.4059,-0.0103000000000292,303.4167333333333,9,0.0,10.0,10.0,0.0,0.0
303.3583,-0.0475999999999885,303.39346666666665,3,0.0,10.0,10.0,0.0,0.0
303.3519,-0.006399999999985,303.3720333333333,9,0.0,10.0,10.0,0.0,0.0
303.3187,-0.0332000000000221,303.34296666666665,7,0.0,10.0,10.0,0.0,0.0
303.3038,-0.0148999999999546,303.32480000000004,8,0.0,10.0,10.0,0.0,0.0
303.3311,0.0272999999999683,303.3178666666667,1,0.0,10.0,10.0,0.0,0.0
303.3743,0.043200000000013,303.3364,3,0.0,10.0,10.0,0.0,0.0
303.3658,-0.0085000000000263,303.3570666666667,8,0.0,10.0,10.0,0.0,0.0
303.3876,0.0218000000000415,303.3759,6,0.0,10.0,10.0,0.0,0.0
303.4,0.0123999999999568,303.38446666666664,4,0.0,10.0,10.0,0.0,0.0
303.381,-0.0190000000000054,303.3895333333333,1,0.0,10.0,10.0,0.0,0.0
303.2884,-0.0925999999999476,303.3564666666666,4,0.0,10.0,10.0,0.0,0.0
303.2957,0.0072999999999865,303.3217,7,0.0,10.0,10.0,0.0,0.0
303.2616,-0.0341000000000235,303.2819,6,0.0,10.0,10.0,0.0,0.0
303.2235,-0.0380999999999858,303.26026666666667,5,0.0,10.0,10.0,0.0,0.0
303.1986,-0.0249000000000023,303.22790000000003,6,0.0,10.0,10.0,0.0,0.0
303.3209,0.1222999999999956,303.24766666666665,9,0.0,10.0,10.0,0.0,0.0
303.3696,0.0486999999999966,303.29636666666664,6,0.0,10.0,10.0,0.0,0.0
303.3795,0.009900000000016,303.3566666666666,5,0.0,10.0,10.0,0.0,0.0
303.4187,0.0391999999999939,303.3892666666667,7,0.0,10.0,10.0,0.0,0.0
303.3895,-0.029200000000003,303.3959,5,0.0,10.0,10.0,0.0,0.0
303.4046,0.015100000000018,303.4042666666667,6,0.0,10.0,10.0,0.0,0.0
303.4338,0.029200000000003,303.40930000000003,8,0.0,10.0,10.0,0.0,0.0
303.4965,0.0627000000000066,303.4449666666667,5,0.0,10.0,10.0,0.0,0.0
303.5189,0.0223999999999477,303.4830666666667,9,0.0,10.0,10.0,0.0,0.0
303.5595,0.0406000000000403,303.52496666666667,5,0.0,10.0,10.0,0.0,0.0
303.6378,0.0783000000000129,303.5720666666667,8,0.0,10.0,10.0,0.0,0.0
303.5954,-0.0424000000000432,303.59756666666664,4,0.0,10.0,10.0,0.0,0.0
303.5598,-0.035599999999988,303.59766666666667,8,0.0,10.0,10.0,0.0,0.0
303.6087,0.0489000000000032,303.58796666666666,7,0.0,10.0,10.0,0.0,0.0
303.6471,0.0384000000000241,303.6052,1,0.0,10.0,10.0,0.0,0.0
303.6516,0.0044999999999504,303.6358,6,0.0,10.0,10.0,0.0,0.0
303.664,0.0124000000000137,303.65423333333337,4,0.0,10.0,10.0,0.0,0.0
303.6249,-0.0390999999999621,303.6468333333333,9,0.0,10.0,10.0,0.0,0.0
303.5916,-0.033299999999997,303.62683333333337,6,0.0,10.0,10.0,0.0,0.0
303.5649,-0.0267000000000052,303.59380000000004,9,0.0,10.0,10.0,0.0,0.0
303.5993,0.034400000000005,303.58526666666666,3,0.0,10.0,10.0,0.0,0.0
303.587,-0.0123000000000388,303.5837333333333,7,0.0,10.0,10.0,0.0,0.0
303.5727,-0.0142999999999915,303.58633333333336,7,0.0,10.0,10.0,0.0,0.0
303.5214,-0.0512999999999692,303.56036666666665,4,0.0,10.0,10.0,0.0,0.0
303.6,0.0785999999999944,303.5647,6,0.0,10.0,10.0,0.0,0.0
303.6421,0.0421000000000049,303.5878333333333,1,0.0,10.0,10.0,0.0,0.0
303.6761,0.0339999999999918,303.6394,1,0.0,10.0,10.0,0.0,0.0
303.6296,-0.0465000000000372,303.6492666666667,6,0.0,10.0,10.0,0.0,0.0
303.6098,-0.0197999999999751,303.6385,8,0.0,10.0,10.0,0.0,0.0
303.6237,0.0138999999999782,303.62103333333334,7,0.0,10.0,10.0,0.0,0.0
303.6192,-0.0045000000000072,303.6175666666666,2,0.0,10.0,10.0,0.0,0.0
303.6845,0.0653000000000361,303.6424666666667,5,0.0,10.0,10.0,0.0,0.0
303.7349,0.0503999999999678,303.67953333333327,9,0.0,10.0,10.0,0.0,0.0
303.6936,-0.0412999999999783,303.7043333333333,6,0.0,10.0,10.0,0.0,0.0
303.631,-0.0626000000000317,303.6865,1,0.0,10.0,10.0,0.0,0.0
303.6268,-0.0041999999999688,303.65046666666666,8,0.0,10.0,10.0,0.0,0.0
303.6666,0.0398000000000138,303.64146666666664,6,0.0,10.0,10.0,0.0,0.0
303.6102,-0.0563999999999964,303.63453333333337,2,0.0,10.0,10.0,0.0,0.0
303.5931,-0.0171000000000276,303.62330000000003,1,0.0,10.0,10.0,0.0,0.0
303.6622,0.0690999999999917,303.6218333333333,2,0.0,10.0,10.0,0.0,0.0
303.7407,0.0785000000000195,303.66533333333336,7,0.0,10.0,10.0,0.0,0.0
303.7778,0.0371000000000094,303.7269,8,0.0,10.0,10.0,0.0,0.0
303.7622,-0.0156000000000062,303.76023333333336,2,0.0,10.0,10.0,0.0,0.0
303.7484,-0.0138000000000033,303.7628,4,0.0,10.0,10.0,0.0,0.0
303.6974,-0.0509999999999877,303.73600000000005,4,0.0,10.0,10.0,0.0,0.0
303.6705,-0.0269000000000119,303.70543333333336,5,0.0,10.0,10.0,0.0,0.0
303.7567,0.0862000000000193,303.7082,7,0.0,10.0,10.0,0.0,0.0
303.757,0.0002999999999815,303.72806666666673,7,0.0,10.0,10.0,0.0,0.0
303.7165,-0.0405000000000086,303.7434,5,0.0,10.0,10.0,0.0,0.0
303.7646,0.0480999999999767,303.74603333333334,6,0.0,10.0,10.0,0.0,0.0
303.8055,0.0409000000000219,303.76219999999995,5,0.0,10.0,10.0,0.0,0.0
303.8524,0.0468999999999937,303.80749999999995,4,0.0,10.0,10.0,0.0,0.0
303.8215,-0.0308999999999741,303.82646666666665,5,0.0,10.0,10.0,0.0,0.0
303.8252,0.0036999999999807,303.83303333333333,2,0.0,10.0,10.0,0.0,0.0
303.8325,0.0072999999999865,303.8264,5,0.0,10.0,10.0,0.0,0.0
303.8651,0.0326000000000021,303.84093333333334,1,0.0,10.0,10.0,0.0,0.0
303.8455,-0.0195999999999685,303.8477,5,0.0,10.0,10.0,0.0,0.0
303.8822,0.0366999999999961,303.86426666666665,2,0.0,10.0,10.0,0.0,0.0
303.9447,0.0625,303.8908,7,0.0,10.0,10.0,0.0,0.0
303.8849,-0.0597999999999956,303.9039333333333,9,0.0,10.0,10.0,0.0,0.0
303.9467,0.0618000000000051,303.92543333333333,7,0.0,10.0,10.0,0.0,0.0
303.8642,-0.0825000000000386,303.8986,2,0.0,10.0,10.0,0.0,0.0
303.8904,0.0262000000000171,303.9004333333333,4,0.0,10.0,10.0,0.0,0.0
303.8549,-0.0355000000000131,303.86983333333336,9,0.0,10.0,10.0,0.0,0.0
303.7903,-0.0645999999999844,303.84520000000003,3,0.0,10.0,10.0,0.0,0.0
303.7904,9.999999997489796e-05,303.8118666666666,4,0.0,10.0,10.0,0.0,0.0
303.8293,0.0389000000000123,303.80333333333334,3,0.0,10.0,10.0,0.0,0.0
303.8295,0.0002000000000066,303.8164,5,0.0,10.0,10.0,0.0,0.0
303.8099,-0.0195999999999685,303.8229,9,0.0,10.0,10.0,0.0,0.0
303.8018,-0.008100000000013,303.81373333333335,8,0.0,10.0,10.0,0.0,0.0
303.8802,0.0783999999999878,303.8306333333333,2,0.0,10.0,10.0,0.0,0.0
303.9182,0.0380000000000109,303.86673333333334,2,0.0,10.0,10.0,0.0,0.0
303.8498,-0.0683999999999969,303.88273333333336,8,0.0,10.0,10.0,0.0,0.0
303.8509,0.001100000000008,303.8729666666667,9,0.0,10.0,10.0,0.0,0.0
303.8436,-0.0073000000000433,303.8481,6,0.0,10.0,10.0,0.0,0.0
303.8212,-0.0224000000000046,303.8385666666666,2,0.0,10.0,10.0,0.0,0.0
303.8045,-0.0166999999999575,303.8231,5,0.0,10.0,10.0,0.0,0.0
303.8507,0.0461999999999989,303.82546666666667,7,0.0,10.0,10.0,0.0,0.0
303.8883,0.0375999999999976,303.8478333333333,3,0.0,10.0,10.0,0.0,0.0
303.8561,-0.0321999999999889,303.8650333333333,1,0.0,10.0,10.0,0.0,0.0
303.858,0.0018999999999778,303.8674666666667,8,0.0,10.0,10.0,0.0,0.0
303.8052,-0.0527999999999906,303.83976666666666,2,0.0,10.0,10.0,0.0,0.0
303.7996,-0.0056000000000153,303.82093333333336,6,0.0,10.0,10.0,0.0,0.0
303.8069,0.0072999999999865,303.8039,9,0.0,10.0,10.0,0.0,0.0
303.8593,0.0524000000000342,303.82193333333333,3,0.0,10.0,10.0,0.0,0.0
303.886,0.0267000000000052,303.8507333333333,6,0.0,10.0,10.0,0.0,0.0
303.9019,0.0158999999999878,303.8824,9,0.0,10.0,10.0,0.0,0.0
303.9527,0.050799999999981,303.9135333333333,7,0.0,10.0,10.0,0.0,0.0
303.9367,-0.0160000000000195,303.9304333333333,7,0.0,10.0,10.0,0.0,0.0
303.9176,-0.0190999999999803,303.9356666666667,6,0.0,10.0,10.0,0.0,0.0
303.9232,0.0056000000000153,303.9258333333333,2,0.0,10.0,10.0,0.0,0.0
303.8982,-0.0250000000000341,303.913,2,0.0,10.0,10.0,0.0,0.0
303.9053,0.0071000000000367,303.9089,3,0.0,10.0,10.0,0.0,0.0
303.9584,0.0530999999999721,303.92063333333334,4,0.0,10.0,10.0,0.0,0.0
303.9341,-0.0242999999999824,303.9326,1,0.0,10.0,10.0,0.0,0.0
303.9627,0.028599999999983,303.9517333333333,7,0.0,10.0,10.0,0.0,0.0
303.9926,0.0298999999999978,303.9631333333333,6,0.0,10.0,10.0,0.0,0.0
303.9666,-0.0259999999999536,303.9739666666667,6,0.0,10.0,10.0,0.0,0.0
304.0076,0.0409999999999968,303.9889333333333,6,0.0,10.0,10.0,0.0,0.0
304.0123,0.004699999999957,303.9955,3,0.0,10.0,10.0,0.0,0.0
303.9698,-0.0424999999999613,303.9965666666667,8,0.0,10.0,10.0,0.0,0.0
303.9765,0.0066999999999666,303.9862,5,0.0,10.0,10.0,0.0,0.0
303.9428,-0.0337000000000102,303.9630333333334,8,0.0,10.0,10.0,0.0,0.0
303.9237,-0.0190999999999803,303.94766666666663,7,0.0,10.0,10.0,0.0,0.0
303.924,0.0002999999999815,303.93016666666665,4,0.0,10.0,10.0,0.0,0.0
303.9307,0.0067000000000234,303.9261333333333,7,0.0,10.0,10.0,0.0,0.0
303.9134,-0.0172999999999774,303.9227,4,0.0,10.0,10.0,0.0,0.0
303.8673,-0.046100000000024,303.9038,3,0.0,10.0,10.0,0.0,0.0
303.8969,0.0296000000000162,303.89253333333335,9,0.0,10.0,10.0,0.0,0.0
303.8834,-0.0135000000000218,303.88253333333336,4,0.0,10.0,10.0,0.0,0.0
303.8972,0.0138000000000033,303.8925,2,0.0,10.0,10.0,0.0,0.0
303.9119,0.0147000000000048,303.89750000000004,9,0.0,10.0,10.0,0.0,0.0
303.9255,0.0135999999999967,303.9115333333333,5,0.0,10.0,10.0,0.0,0.0
303.9594,0.0339000000000169,303.9322666666667,4,0.0,10.0,10.0,0.0,0.0
303.9231,-0.0363000000000397,303.936,1,0.0,10.0,10.0,0.0,0.0
303.9317,0.0086000000000012,303.93806666666666,7,0.0,10.0,10.0,0.0,0.0
303.8684,-0.0632999999999697,303.90773333333334,4,0.0,10.0,10.0,0.0,0.0
303.9186,0.050200000000018,303.9062333333333,6,0.0,10.0,10.0,0.0,0.0
303.899,-0.0196000000000253,303.8953333333334,9,0.0,10.0,10.0,0.0,0.0
303.888,-0.0110000000000241,303.90186666666665,8,0.0,10.0,10.0,0.0,0.0
303.9542,0.0662000000000375,303.91373333333337,2,0.0,10.0,10.0,0.0,0.0
303.9959,0.0416999999999916,303.94603333333333,9,0.0,10.0,10.0,0.0,0.0
303.9861,-0.0097999999999842,303.97873333333337,1,0.0,10.0,10.0,0.0,0.0
303.9413,-0.0448000000000092,303.97443333333337,3,0.0,10.0,10.0,0.0,0.0
303.9013,-0.0400000000000204,303.9429,3,0.0,10.0,10.0,0.0,0.0
303.95,0.0486999999999966,303.93086666666665,5,0.0,10.0,10.0,0.0,0.0
303.97,0.0200000000000386,303.9404333333334,7,0.0,10.0,10.0,0.0,0.0
303.9146,-0.0554000000000201,303.94486666666666,6,0.0,10.0,10.0,0.0,0.0
303.9172,0.0025999999999726,303.93393333333336,2,0.0,10.0,10.0,0.0,0.0
303.9448,0.0276000000000067,303.9255333333333,8,0.0,10.0,10.0,0.0,0.0
303.8998,-0.044999999999959,303.9206,8,0.0,10.0,10.0,0.0,0.0
303.9604,0.0605999999999653,303.935,4,0.0,10.0,10.0,0.0,0.0
304.0099,0.0495000000000231,303.9567,9,0.0,10.0,10.0,0.0,0.0
304.014,0.0040999999999939,303.9947666666667,4,0.0,10.0,10.0,0.0,0.0
304.0681,0.0541000000000053,304.0306666666667,1,0.0,10.0,10.0,0.0,0.0
304.0224,-0.0457000000000107,304.0348333333334,4,0.0,10.0,10.0,0.0,0.0
304.019,-0.0033999999999991,304.0365,9,0.0,10.0,10.0,0.0,0.0
303.9671,-0.0518999999999891,304.00283333333334,1,0.0,10.0,10.0,0.0,0.0
304.0256,0.0584999999999809,304.0039,6,0.0,10.0,10.0,0.0,0.0
303.987,-0.0385999999999739,303.99323333333336,7,0.0,10.0,10.0,0.0,0.0
304.0144,0.0274,304.009,4,0.0,10.0,10.0,0.0,0.0
304.0304,0.0159999999999627,304.0106,4,0.0,10.0,10.0,0.0,0.0
304.1071,0.0767000000000166,304.05063333333334,1,0.0,10.0,10.0,0.0,0.0
304.1212,0.0140999999999849,304.0862333333333,2,0.0,10.0,10.0,0.0,0.0
304.0452,-0.0759999999999649,304.09116666666665,2,0.0,10.0,10.0,0.0,0.0
304.0477,0.0024999999999977,304.07136666666673,7,0.0,10.0,10.0,0.0,0.0
304.0783,0.0305999999999926,304.0570666666667,3,0.0,10.0,10.0,0.0,0.0
304.0907,0.0124000000000137,304.0722333333334,7,0.0,10.0,10.0,0.0,0.0
304.1045,0.0137999999999465,304.09116666666665,5,0.0,10.0,10.0,0.0,0.0
304.1246,0.0201000000000135,304.1066,6,0.0,10.0,10.0,0.0,0.0
304.1279,0.0033000000000242,304.119,9,0.0,10.0,10.0,0.0,0.0
304.092,-0.0359000000000264,304.11483333333337,2,0.0,10.0,10.0,0.0,0.0
304.0954,0.0033999999999991,304.1051,4,0.0,10.0,10.0,0.0,0.0
304.0828,-0.0125999999999635,304.09006666666664,8,0.0,10.0,10.0,0.0,0.0
304.0755,-0.0073000000000433,304.08456666666666,5,0.0,10.0,10.0,0.0,0.0
304.0536,-0.0218999999999596,304.0706333333333,6,0.0,10.0,10.0,0.0,0.0
304.0726,0.0190000000000054,304.0672333333333,6,0.0,10.0,10.0,0.0,0.0
304.0946,0.0219999999999913,304.0736,6,0.0,10.0,10.0,0.0,0.0
304.0911,-0.0035000000000309,304.08610000000004,1,0.0,10.0,10.0,0.0,0.0
